table_name,primary_key
PatientProfileAgg,PatientProfileId
RcopiaSynchronizationPrescriptionStatus,RcopiaSynchronizationId
Cus_EZP_OracleFacilityLOCSettings,
ExportDocumentSettings,ExportDocumentSettingId
cus_AutoCheckIn_Appointments,ID
Cus_EZP_AutoFaxDoc,AutoFaxDocId
cus_FlwUp_AutoCreateRule_Companies,ID
L3PERSON,CID
cus_Scheduler_1_NextAppointmentHistory,AppointmentID
PatientProfileAttachment,PatientProfileAttachmentId
RcopiaMapPharmacy,CentricityIdentifier
DmBookDoctorFacilityMapping,
ServerSetupValidationDBType,DBTypeID
ServerSetupLog,ServerSetupLogID
Cus_EZP_OracleProviderSettings,
AUDIT_EVENT_DETAIL_LOG,
L3QUALIFIER,QUALID
PatientVisit,PatientVisitId
HCC,HCCId
SearchResults,
Cus_EZP_Other_Settings,
AUDIT_EVENT_LOG,
_PatientIDUpdate,
Cus_EZP_AutoFaxHistory,AutoFaxHistoryId
cus_FlwUp_AutoCreateRule_Facilities,ID
L3RESOURCE,RESOURCEID
PatientVisitAgg,PatientVisitId
HCCDiagnosis,"MasterDiagnosisId,HCCId"
DmBookScheduleMapping,
ServerSetupValidations,ValidationID
AUDIT_EVENT_TYPE_LOG,
Cus_EZP_AutoHIE,
L3RESULTS,RESULTID
CusSupportMikPatientVisitProcsMonitor,
PatientVisitAggClosing,PatientVisitId
HCCSegmentCoefficient,HCCSegmentCoefficientID
_refprov1,
AUDIT_PROFILE_LOG,
sysdiagrams,diagram_id
_PatientInsuranceUpdate,
Cus_EZP_AutoShareDoc,
cus_FlwUp_AutoCreateRule_History,ID
L3SCHEDULE,SCHEDULEID
PatientVisitAttachment,PatientVisitAttachmentId
ContentList_bak,
eCRActivityLog,eCRActivityLogID
DmBusidMapping,
Cus_EZP_PatAgreements_Answers,
cusqhcoarbalancesource,
L3SUBTASK,"PARENTSTEP,CHILDSTEP,CHILDORDER"
PatientVisitDiags,PatientVisitDiagsId
COVID_CONTENTLIST,
eCREventType,eCREventTypeId
cus_doctorFacility12_28_22,
Cus_EZP_AutoShareDocType_Settings,SettingsId
cus_FlwUp_AutoCreateRule_InsuranceCarriers,ID
L3TASKDTS,"RECURID,DTS"
PatientVisitFiling,PatientVisitId
ImmunizationMasterList,
LotManagement,Lotid
DmInsurancePlanMapping,
Cus_EZP_AutoShareFS,
L3TASKONCE,ONCEID
PatientVisitInsurance,PatientVisitInsuranceId
DmRIDMapping,
+refprov2,
Cus_EZP_PatApptReasonsLink,ReasonLinkId
cus_SST_EligibilityProcessorCrosswalk,EligibilityProcessorCrosswalkId
cus_FlwUp_AutoCreateRule_InsuranceGroups,ID
L3TASKRECUR,RECURID
PatientVisitPaperClaim,PatientVisitPaperClaimId
ImmunizationCPTCodes,
ImmunizationRecommendations,ImmunizationRecommendationsID
_refprov3,
Cus_TEMP,
ePRESCRIB,PTID
MedLists_BAK,
L3TASKRESOURCE,"TASKID,RESOURCEID"
PatientVisitProcs,PatientVisitProcsId
DmApptDefIdMapping,
Cus_EZP_Patient_Docs,DocId
ERXREQUEST,SyncResponseId
Cus_EZP_Birthday_Reminders,
MasterDiagnosisKeyword,masterdiagnosisid
cus_FlwUp_AutoCreateRule_Providers,ID
PatientProfile_BAK,
L3TASKSTATUS,"RECURID,DTS"
CusSupportPatientVisitProcsMonitor,
PatientVisitProcsAgg,PatientVisitProcsId
QuestionnaireGroup,QuestionnaireGroupId
cus_activeLockReport,
Cus_EZP_Patient_Videos,VideoId
contentlist_lot_backup,
FMYALTDETAIL,"PAYERID,NETWORK,ALTLISTID,SRCNDC,ALTNDC"
PatientRace_BAK,
L3TASKSTEP,STEPID
PatientVisitResource,PatientVisitResourceId
MS_COPYRIGHT,
QuestionnaireQuestionList,QuestionId
DmApptIdMapping,
cus_patientInsurance_bak_20220406,
Cus_EZP_Patient_VideosHistory,PatVideoId
FMYALTHEADER,"ALTLISTID,PAYERID,NETWORK"
cus_FlwUp_ClaimAdjustmentGroupCodes,GroupCode
L3TaskType,TASKTYPE
PaymentMethod,PaymentMethodId
DDIDUPDATE,
VFCEligibility,VFCEligibilityID
cus_casesInsurance_bak_20220406,
FMYSTATUSDETAIL,"FSLLISTID,NDC,PAYERID,NETWORK"
LIC_HISTORY,LICHISTORYID
PaymentMethodAttachment,PaymentMethodAttachmentId
FORMUPDATE,
FundingSourceMapping,FundingSourceMappingId
DmLocIdFacilityMapping,
Cus_EZP_PatientGroup,PGroupId
cus_Conv_TransferFrom,ID
CQM_Map,CQM_MapID
NDCTODDID,NDC
Cus_EZP_Call_DNCList,
cus_FlwUp_ClaimAdjustmentReasonCodes,ReasonCode
LOCREG,"GALACTICID,LOCID"
_2SipeApptTypeCrosswalk,
PaymentPlan,PaymentPlanId
GPIUPDATE,
Cus_EZP_PatientLst,Id
FMYCOPHEADER,"COPLISTID,PAYERID,NETWORK,COPLISTTYPE"
LoginProcWorkStation,
PaymentPlanAttachment,PaymentPlanAttachmentId
GPICLUPD,
DmRtidMapping,
Cus_EZP_PatientProfileAgg,PatientProfileId
cus_Conv_TransferTo,ID
CEM_TriggerStatus,CEM_TriggerStatusId
FMYCOPSUMDETAIL,"COPLISTID,COPAYID,PAYERID,NETWORK,FMYSTATUS,PRODUCTTYPE,PHARMTYPE"
Cus_EZP_Call_Queue,
cus_FlwUp_CompanyAssignments,ID
cus_BPP_PatientProfile,PatientId
LoginProcUsers,
PayorTable,PayorTableId
KDCUPDATE,
cusCqrDataFix_OrphanUsrRestored,
Cus_EZP_PatientProfileAttachment,PatientProfileAttachmentId
L3TEMPPID501,
FMYCOPDRUGDETAIL,"NDC,PAYERID,NETWORK,COPAYID,COPLISTID,PHARMTYPE,COPFIRSTERM,COPAMOUNT,COPPERCENTAGE,COPTIER"
Cus_EZP_Call_Remove_History,
cus_patientProfileBak_0630,
LOGLOCKS,LogLocksId
PlugIn,PlugInId
DmServProvIDMapping,
Cus_EZP_PatientRegistry,RegistryId
FMYCOVERAGEHEADER,"COVLISTID,PAYERID,NETWORK,COVLISTTYPE"
Cus_EZP_Call_Status_Details,CallId
cus_FlwUp_CreatedInsurance,ID
cus_guarantorBak_0630,
MD_OLDREG,"PIDLINK,WHENACCESSED"
cus_AOP_AppointmentProvider,
Procedures,ProceduresId
_BadGuarantorCarrie,
cusCqrDataFix_OrphanDocumentRestored,
Cus_EZP_PatientRegistryDetail,RegistryDetailId
FMYCOVERAGEDETAIL,"PAYERID,NETWORK,COVID,NDC,COVLISTID,COVLISTTYPE"
cusLanguageMap,
MD_RESULTS,WSID
ProceduresFeeSchedule,ProceduresFeeScheduleId
guarantor_bak,
DmOrphanPidsInEMR,
MedInteractionOverride,InteractionOverrideId
deletehistory,ID
Cus_EZP_PatientRegistryLog,LogId
PRESCRIB_4274BKP,
FMYCOVTXTMSGDETAIL,"PAYERID,NETWORK,COVID,NDC,COVLISTID,MSGSHORT"
Cus_EZP_CCD,
cus_FlwUp_FollowUp,ID
MEDDEPT,MEDDID
ReportNameLookup,ReportNameLookupID
ProceduresInventory,ProceduresInventoryId
cusCqrDataFix_PatientIDRequeued,
CARE_PLAN,CAREPLANID
ERXRefillRequest,ERXRefillRequestID
SL_AUTH_TOKEN_CACHE,
Cus_EZP_PatientRegistryMeasures,MeasureId
APPENDDOCUMENT_4274BKP,
FMYCOVQUANTITYDETAIL,"PAYERID,NETWORK,COVID,NDC,COVLISTID,MAXAMOUNT,MAXAMOUNTTYPE"
Cus_EZP_CDA,
MEDICATE,"PID,XID,MID"
ProceduresSpecialty,ProceduresSpecialtyId
GOAL,GOALID
Cus_EZP_PatientStatement,StatementId
Cus_EZP_FaxCoverPage,
FMYCOVGENDERDETAIL,"PAYERID,NETWORK,COVID,NDC,COVLISTID"
cus_FlwUp_FollowUpCategory,ID
Cus_EZP_AppointmentsAlloc,
MEDINFO,DDID
Recall,RecallId
cusCqrDataFix_OrphanDetail,
INTERVENTION,INTERVENTIONID
ERxRefillDenial,
Cus_EZP_PatInformationDocs,DocumentId
FMYCOVRSRCDRUGDETAIL,"PAYERID,NETWORK,COVID,NDC,COVLISTID,URLTYPE"
Cus_EZP_CheckInReminderLog,Id
MISCDEPT,"GID,CODE,DESCRIPTION"
cus_WebCal_SearchDefault,ID
RemitChecks,PaymentMethodId
cus_APP_Batch_SV,ID
DOCDATA_temp_suven,
sslManualStats_PendingRestore,
GOAL_HEALTHCONCERN,"GOALID,HEALTHCONCERNGROUPID"
Cus_EZP_PatInformationDocsHistory,HistoryId
MEDICATIONHISTORY,MEDHXID
Cus_EZP_ClinicalData,
ML_MASTERMERGE,
Report,ReportId
sslManualStats_CannotRestore,
cusCqrDataFix_OrphanDetailSdid,
GOAL_PROBLEM,"GOALID,PRID"
AUCSTATUS,AUCStatusId
Cus_EZP_PatRestSettings,Id
FMYSTATUSHEADER,"FSLLISTID,PAYERID,NETWORK"
cus_FlwUp_InsuranceGroupAssignments,ID
ML_MERGEAUDIT,"MERGETYPE,DATEMERGED"
ReportControl,ReportControlId
cus_APP_BatchExceptions_SV,ID
Medlists_PreUpgrade,
MUPatchData,
BKP_SPR4526ALLERGY,
AUCRECOMMENDATION,AUCRecommendationId
FMYCOVSTEPMEDDETAIL,"COVLISTID,PAYERID,NETWORK,COVID,NDC,STEPDRUG"
Cus_EZP_CollectionHistory,CollectionHistoryId
Cus_EZP_LoginExpReq,
ML_MERGEGLOBALS,
Guarantor_SPR35062_Orig,
ReportControlCriteria,ReportControlCriteriaId
cusQHCOBalFwd_remap,
sslManualStats_Dropped,
cus_BPP_PatientProfile_back,PatientId
AUCINDICATION,AUCIndicationId
InsSourceOfPayments,InsSourceOfPaymentsID
FMYCOVAGEDETAIL,"PAYERID,NETWORK,COVID,NDC,COVLISTID,AGEMIN,AGEMINTYPE"
Cus_EZP_CollectionLetters,LetterId
cus_FlwUp_InsuranceGroupAssignments_Extended,ID
_gu_bak,
MRUCUSTOMLISTS,"USRID,QPID"
DOCDATA_with_patient_id,
ReportControlProperty,ReportControlPropertyId
CVX,Code
cus_APP_BatchItemApplied_SV,ID
PreUpgrade_SecurityNodes,
Cus_EZP_CardDetail,
Cus_EZP_AutoShareDoc_Settings,
ErxAdminMap,
Cus_EZP_PaymentSettings,SettingsId
CDS_Parameters,ID_Offset_Value
FMYCOVRSRCSUMDETAIL,"COVLISTID,COVID,PAYERID,NETWORK,URLTYPE"
Cus_EZP_CollectionLettersHistory,LetterId
_gu,
Cus_EZP_PortalOverrideSettings,SettingsId
ReportCriteria,ReportCriteriaId
SPR68501_MUP_Codes_Inactvtd,
cusCqrDataFix_ZUF,
Cus_EZP_PendingEmails,EmailId
DOCVIEWS_TRACKER,"DOCVIEWID,DTID"
ERXRESPONSE,AsycResponseId
cus_RVUC_History,
Cus_EZP_CollectionQueue,CollectionQueueId
cus_FlwUp_Notes,ID
ReportNodes,ReportNodesId
cus_APP_BatchItems_SV,ID
PreUpgrade_Report,
Cus_EZP_ExtInsCarriers,ExtInsCarriersId
Cus_EZP_BookingLog,BookingLogId
_inscarriers,
Subscription,
Cus_EZP_PendingEmails_Attachments,AttachmentId
STG_COPHEADER,STAGINGID
cus_RVUC_Procedures,
Cus_EZP_CRHistory,
ReportParameter,ReportParameterId
PreUpgrade_ReportNodes,
Cus_EZP_ExtInsCarriersMap,Cus_EZP_ExtInsCarriersMapId
Cus_EZP_BulletinBoard,
_pp,
STG_COPSUMMARYDETAIL,
_sipebadguarantors,
cus_RVUC_RVUSchedule,
Cus_EZP_CSHistory,
cus_FlwUp_ReAssign_Manual_History,ID
ReportSecurity,ReportSecurityId
LOINC,LOINC_NUM
PreUpgrade_ComponentSensitiveReport,
Cus_EZP_ExtInsTransactionTypes,ExtInsTransactionTypeId
_pp2,
BARRIER,BARRIERID
Cus_EZP_Phone_ApptRem_MessageSettings,MessageId
stateControlledSubstances,
STG_COVAGEDETAIL,
Cus_EZP_CustomText,
ReportSelect,ReportSelectId
PreUpgrade_ReportControl,
Cus_EZP_PatAgreements_Questions,
ActivityLog,ActivityLogId
BARRIER_GOAL,"BARRIERID,GOALGROUPID"
Cus_EZP_Phone_Settings,SegId
STG_COVERAGEDETAIL,
Cus_EZP_CVSHistory,
MS_TCRF,"TC_TYPE,TC_CODE"
ResourceTypeAssignments,
Map_LoincNum_HDIDs,
PreUpgrade_ReportControlProperty,
Cus_EZP_PatCheckins,PatCheckinId
AllocationSet,AllocationSetId
EPCS_USER_DEA,DEA_ID
AADConfiguration,ConfigId
Cus_EZP_PhoneApptRemindersTemplates,MessageId
STG_COVERAGEHEADER,STAGINGID
Cus_EZP_DirectAddressBook,
OBS,"PID,XID,OBSID"
cus_Scheduler_1_Search_RuleList,
Schedule,ScheduleId
Map_OtherCode_HDIDs,
PatientCorrespondence_20250224,
PreUpgrade_ReportCriteria,
AllocationSetRange,AllocationSetRangeId
_Notes3,
EPCS_USER_DEA_ENROLLMENT,ENROLLMENTID
Cus_EZP_PortalInvitations,InvitationId
STG_COVGENDERDETAIL,
OBSHEAD,HDID
ScheduleResource,ScheduleResourceId
PreUpgrade_ReportParameter,
Cus_EZP_StatementDetail,StatementDetailId
Appointments,AppointmentsId
Cus_EZP_EmailLog,
HtmlFormLock,HtmlFormLockId
_notes,
Cus_EZP_Predefined_Tags,
STG_COVQUANTITYDETAIL,
Cus_EZP_DirectMessages_Attachments,
OBSNORM,ONID
cus_Scheduler_1_Search_ZeroCountDays,
ScheduleTimes,ScheduleTimesId
cus_MFL_Configuration,ID
Cus_EZP_StatementHistory,StatementId
AppointmentsAlloc,AppointmentsAllocId
Cus_EZP_EmailReadLog,EmailReadLogId
ImplantableDevice,ImplantableDeviceId
Cus_EZP_Products,ProductID
STG_COVRSDRUGDETAIL,
Cus_EZP_DirectMessages_Pending,
ORDDX,ORDDXID
cus_RDOC_DocumentsCreated,
ScheduleTimesAlloc,ScheduleTimesAllocId
PreUpgrade_ReportSecurity,
Cus_EZP_StatementQueue,StatementQueueId
ApptChain,ApptChainId
Cus_EZP_BillPayRequests,
Cus_EZP_FaxNumber,FaxNumberId
Cus_EZP_ProviderNotificationSettings,SettingId
STG_COVRSSUMMARYDETAIL,
cus_Script,
ORDENCDX,ENCDXID
cus_RDOC_PatientsWithAppointments,
SecurityNodes,SecurityNodesId
cus_MFL_LicenseDocumentTypes,ID
Cus_EZP_TMVisitHistory,TMVisitId
ApptSearchCriteria,ApptSearchCriteriaId
Cus_EZP_FaxNumber_AdvSettings,AdvSettingsId
_billstatus,
Cus_EZP_PushNotifications,PushNotificationId
STG_COVSTEPMEDDETAIL,
ORDENCINFO,SDID
Cus_EZP_ACM_DocLog,ACMDocLogId
SecuritySettings,SecuritySettingsId
cus_doctorfacility_bak_20220403,
Cus_EZP_TransDetail,TransDetailID
ApptSearchCriteriaDelays,ApptSearchCriteriaDelaysId
Cus_EZP_Message_ANTemplate,TemplateId
Cus_EZP_MsgSettings,
Cus_EZP_Query,QueryId
extreferences_bak_062621,
STG_COVTEXTDETAIL,
ORDERCAT,ORDCATID
SessionIds,SessionIdsID
cus_MFL_LicenseProviderRoles,ID
cus_patientrelationship_bak1_20220403,
ApptSearchCriteriaApptTypes,ApptSearchCriteriaApptTypesId
Cus_EZP_Online_Forms_Message_Settings,
Cus_EZP_RecallReminderLog,Id
STG_FMYALTDETAIL,
ORDERCODES,ORDCODEID
aa_PPAlertNotes2,
Cus_EZP_AutoDirectDocLog,AutoDirectDocLogId
Settings,SettingsId
cus_dupRefProviderListNames,
ApptSearchCriteriaFacilities,ApptSearchCriteriaFacilitiesId
Cus_EZP_RefillRequests,RefillRequestId
STG_FMYALTHEADER,STAGINGID
InconsistentDataFix,"primaryIdentifier,inserted"
cus_ArrivedAppointments,ID
ORDERDEFAULTS,"LOCID,ORDERTYPE"
cus_Scheduler_1_Search_ATypes,"CriteriaID,AppointmentTypeID"
SpreadSheetColumns,SpreadSheetColumnsId
cus_patientcontacts_bak_20220518,
ApptSearchCriteriaResources,ApptSearchCriteriaResourcesId
Cus_EZP_PatApptReasons2,ID
Cus_EZP_RegControls,ControlId
STG_FMYFILEHEADER,STAGINGID
Cus_EZP_Docs,
CareTransInMUFix,
ORDERLETTERS,ORDERLETTERID
SpreadSheets,SpreadSheetsId
ReportIdLookup,
cus_patientrelationship_bak_20220518,
PatientProfile_AlertNotes_20240129,
ApptSearchCriteriaRules,ApptSearchCriteriaRulesId
Cus_EZP_PendingMULog,LogId
cus_caseInsuranceMismatch,
STG_FMYSTATUSDETAIL,
Cus_EZP_DocType,
CusSupportPatientVisitMonitor,
ORDERS,"PID,ORDERID"
cus_Scheduler_1_Search_Facilities,"CriteriaID,FacilityID"
SpreadSheetsEditor,SpreadSheetsEditorId
cus_mergeDuplicateProvider,
vaccinedetails,
cusqhco_dupepatientvisits12212021,
aa_AlertNotesUpdateValidation,
ApptSet,ApptSetId
cus_languageBak_11_17_22,
Cus_EZP_PendingTasks,TaskId
Cus_EZP_EligSearchOptions,EligSearchOptionsId
STG_FMYSTATUSHEADER,STAGINGID
Cus_EZP_DocType_Settings,
ORDER_ENTRY_MODIFIERS,ORDER_ENTRY_ID
CDS_Parameters,ID_Offset_Value
SqlCommand,SqlId
MEDINFOBAK,
ReportNodesIdLookup,
Appointments_bak,
cus_patientContactsFix,
ApptSlot,ApptSlotId
cusPatientLanguageMap,
Cus_EZP_PriorAuthHistory,PriorAuthHistoryId
Cus_EZP_Reminder_Options,
STG_COPDRUGDETAIL,
Cus_EZP_Document_Sharing,
ORDER_MODIFIERS,CODE
cus_Scheduler_1_Search_Providers,"CriteriaID,ProviderID"
StatementsCriteria,StatementsCriteriaId
DOCDATA2_temp_suven_decrypted_ndai,
ApptType,ApptTypeId
Cus_EZP_Statement_BillCodeMessages,MessageId
Cus_EZP_Reminders,ReminderId
ERX_UNITOFMEASURE,"NCPDP_RxQtyQualifier,RxQtyText,DisplayUnit"
Cus_EZP_Document_Sharing_Contacts,
ORDTOCOMPLETE,ORDCOMPLETEID
cus_FlwUp_AutoCreatedVisits_IG_Extended,
Cus_EZP_Online_Forms_Answers,AnswerId
Patient_Race_latest_Record,
StatementsCriteriaGuarantor,StatementsCriteriaGuarantorId
ApptTypeAssignments,ApptTypeAssignmentsId
Cus_EZP_Statement_PaperHistory,PaperHistoryId
Cus_EZP_Reminders_Log,ReminderLogId
cus_docbat_debug,
ERX_DOSAGEFORM,"DoseForm,NCPDP_RxQtyQualifier,DisplayUnit"
Cus_EZP_Dynamic_Settings,
ACTIVEMQ_MSGS,ID
PASSHISTORY,"DoctorFacilityId,PASSWORD"
cus_FlwUp_InsuletDateUpdate,
Cus_EZP_BillingReminderLog,
TicketNumbers,Prefix
DOCDATA2_temp_suven,
ApptTypeLimits,ApptTypeLimitsId
GE_DBSchema_Audit,
Cus_EZP_ReminderSettings,
InteractionOverride,InteractionOverrideId
Cus_EZP_EDIClaimFile,
PATCHES,PATCHNAME
cus_FlwUp_VisitOwnerHistory,
Cus_EZP_PortalDesignSettings,ID
Cus_EZP_UsersInfo,UsersInfoId
TransactionColumnSet,TransactionColumnSetId
CriticalErrorSymbol,
cus_RDOC_ProcessingPatient,
search_results,
ARAggregates,ARAggregatesId
Cus_EZP_TelemetryLog,TelemetryLogId
_ApptFacilityConversion,
RcopiaSynchronization,RcopiaSynchronizationId
Cus_EZP_ResetRequest,ResetId
MEDDX,MEDDXID
PERIOD,ID
TransactionColumnSetColumns,TransactionColumnSetColumnsId
Batch,BatchId
_appts,
RcopiaMapLocation,CentricityIdentifier
Cus_EZP_Resource_MessageSettings,MessageId
ExcludedUsr,ExcludedUsrId
BatchStatement,BatchId
Final Ref Phy No Duplicates No Phi,
PRBXREF,
Cus_EZP_DM_OBSMappings,OBSMappingsId
TransactionDistributions,TransactionDistributionsId
Cases,CasesId
Cus_EZP_TransDetail2,TransDetailID
RcopiaMapUser,CentricityIdentifier
Cus_EZP_ResType,Id
extreferences_bak_062721,
UNIT_FORMS,FORMID
ACTIVEMQ_ACKS,"CONTAINER,CLIENT_ID,SUB_NAME,PRIORITY"
BillingStatement,RowNo
PREF,"DoctorFacilityId,GROUPID,PREFNAME"
aa_PPAlertNotes,
Procedures_Backup,
Transactions,TransactionsId
geMergeProviderIssue_backup,
CasesAttachment,CasesAttachmentId
Cus_EZP_Appt_Reminders_AdvSettings,SettingsId
Cus_EZP_Users2,Id
_typeMissing,
cus_patientInsuranceFix,
Cus_EZP_RPMCategory,RPMCategoryId
MED_OVERRIDE,MED_OVERRIDEID
Cus_EZP_EligInsCarriersMapAdv,EligInsCarriersMapAdvId
BillingReceipt,RowNo
PREFDEF,PREFNAME
Diagnosis_Backup,
Cus_EZP_Fax,FaxId
Vendor,VendorId
cus_ACS_AddToCallLog,ID
cus_mergeDuplicateProviderZip,
CasesAuth,CasesAuthId
cus_patientInsurance_bak_20220221,
RcopiaMapPatient,CentricityIdentifier
Cus_EZP_RPMData,RPMDataId
extreferences_bak_06282021,
MS_DDS_COPYRIGHT,"COPYRIGHT_TEXT,ISSUE_DATE"
Cus_EZP_EligLog,EligLogId
PatientProfileReport,RowNo
PRESCRIB,"PID,PTID"
ContentList_Backup,
Cus_EZP_InsExpAlertLog,IEALogId
UpgradeLog,
CasesAuthDetail,CasesAuthDetailId
cus_orders_bak_20220221,
RcopiaSynchronizationClinical,RcopiaSynchronizationId
Cus_EZP_RPMDevice,
Cus_EZP_EligPracticeTypeCode,PTCodeId
ReportErrorLog,
tLoadReports_Results,ID
PRINTATTRS,PAID
Cus_EZP_InsExpAlertTemplates,IEATemplateId
VisitTransactions,VisitTransactionsId
cus_ACS_AddToEmailLog,ID
ERX_SS_DOSEFORMCODES,codeLogician
CasesAuthDoctor,CasesAuthDoctorId
cus_ordencinfo_bak_20220221,
RcopiaMapProblem,CentricityIdentifier
Cus_EZP_RPMUserDevice,RPMUserDeviceId
_facility,
ACTIVEMQ_LOCK,ID
PRINTCHARTTMP,"NODEID,SORTID"
Cus_EZP_PatApptReasons,ID
WaitingList,WaitingListId
CasesChargeSets,CasesChargeSetsId
cus_casesInsurance_bak_20220221,
RcopiaMapAllergy,CentricityIdentifier
Cus_EZP_RxFlagSettings,SettingId
MS_MESSAGE,MESSAGE_CODE
PRINTDATATMP,
WaitingListEntry,WaitingListEntryId
cus_ACS_AmountDrivers,AmtDriverID
CasesGPAuth,CasesGPAuthId
Cus_EZP_DM_Document_Details,DocumentDetailsId
PMPGETPATIENTRESPONSE,PMPID
cus_patientVisit_bak_20220221,
RcopiaMapMedication,CentricityIdentifier
Cus_EZP_ScheduleTransDetail,ScheduleTransDetailId
ALLERGY_CASEBKP_20241017,
PRINTDRVTMP,"NODEID,SORTID"
WCC,
CasesInsurance,CasesInsuranceId
Cus_EZP_DOCDATA2,
Cus_EZP_AppointmentRequests,
cus_patientVisitInsurance_bak_20220221,
RcopiaMapPrescription,CentricityIdentifier
Cus_EZP_ServiceToken,ServiceTokenId
DDID_RXNORM,
Cus_EZP_Email_Settings_Attachments,AttachmentId
PRINTERS,"WORKSTATION,PAID"
cus_ERXRefillRequestError,
zzLAF_OcrevusPID,
ZipCodes,ZipCodesId
cus_ACS_Called,ID
CasesPatientVisitFiling,CasesPatientVisitFilingId
Cus_EZP_NoShowReminders_MessageSettings,MessageId
ManualLocIDToFacilityID,
cus_EDIEligibility_bak_20220221,
RcopiaSynchronizationMessage,RcopiaSynchronizationId
Cus_EZP_ServiceTokenHistory,ServiceTokenHistoryId
MS_DOSING_PROFILES,PROFILE_ID
PRINTNOTETMP,"NODEID,SORTID"
zzLAF_LabLinkLabs,
ACCESSAUDIT,"PID,WHENACCESSED,WHOACCESSED"
GE_TMP_PREF,
ChargeSets,ChargeSetsId
cus_MIKIDMAP_bak_20220221,
RcopiaMessage,RcopiaIdentifier
Cus_EZP_SMDocType,DocId
_SipeMarianIns,
MS_DRUG_DOSING,DOSE_ID
Cus_EZP_EmailHistory,
PRINTPRESC,"STATECODE,PRESCID"
Document_eCR_Reference,
ALLERGY,"PID,XID,AID"
cus_ACS_ChangeCollectionStatusTemp,
CHCDentalProc,
ManualBookIDToDoctorFacilityID,
Cus_EZP_SMPrvDocType,DocId
cus_eStmt_StatementBatch,ExportID
MEDISPAN_RXNORM,
Cus_EZP_EmailHistory_Attachments,AttachmentId
PROBLEM,"PID,PRID,SPRID"
AllergyFix,
cus_ACS_ColAgeDrivers,ColAgeDriversID
Cus_EZP_Booking_Templates,TemplateId
InterventionLog,InterventionLogId
Clearinghouse,ClearinghouseId
Cus_EZP_PendingTasks_Attachments,AttachmentId
Cus_EZP_Call_History,
Cus_EZP_Statement_AGHistory,HistoryId
UI_PANEL,PANELID
cus_LoincExtractCounts,
PROBLEMLISTVIEWNAMES,PLVID
AMH_CHART,CHARTKEY
Cus_EZP_ChatLog,ChatLogId
Cus_EZP_EligAllocationSettings,AllocationSettingsId
ComponentSensitiveReport,ComponentSensitiveReportId
DoctorFacilityTypeDescr,
cus_MFN_AddedFaxRecipients,ID
UI_LAYOUT,LAYOUTID
Cus_EZP_EmailLog_Attachments,AttachmentId
PROBLEMLISTVIEWS,"PRID,PLVID"
ASSESS,"PID,ASID"
cus_ACS_ColGlobal,ColGlobalID
Cus_EZP_CollectionCycle,
Cus_EZP_MID,MIDID
cus_ProTrk_OrderHistory,
Control,ControlId
Cus_EZP_TxtResponseHistory,TxtResponseId
Cus_EZP_Statement_Data,
cusFSLicense,
ARCHIVE_DETAIL,
TerminologyMap,"MappingType,Code1,Code2"
PROCINFO,ROWKEY
AUDIT_EVENT,EVENT_ID
Cus_EZP_HIESettings,
Cus_EZP_MIDTerminal,MIDTerminalID
DFFeeSchedule,DFFeeScheduleId
Cus_EZP_DirectMessages,
Cus_EZP_Statement_PaperData,
Cus_EZP_DM_Folder,FolderId
AUDIT_EVENT_ARCHIVE,EVENT_ID
Cus_EZP_Statement_Messages,StmtMsgId
guarantorsForStatements,
EXT_CODE,EXT_CODE_ID
Cus_EZP_EMRDocs,
QPICKS,"QPICKTYPE,QPID"
AUDIT_EVENT_DETAIL,"EVENT_ID,EVENT_DETAIL_ID"
cus_ACS_ColGuar,ColGuarID
Cus_EZP_PatAgreements,
Cus_EZP_OnDemand_Forms,
SUIndexesToCreateInUpgradeDB,
DFIds,DFIdsId
Cus_EZP_Document_Sharing_AdvSettings,AdvSettingsId
AUDIT_EVENT_DETAIL_ARCHIVE,"EVENT_ID,EVENT_DETAIL_ID"
Cus_EZP_Statement_PaperCOA,PaperCOAId
REL_OBS_EXT_CODE,"OBSID,EXT_CODE_ID"
QPRINTDOC,QPID
ServerConfig,ServerName
MS_D01_DELTA,
AUDIT_EVENT_TYPE,EVENT_TYPE_ID
Cus_EZP_PatSurveys,PatSurveyId
Diagnosis,DiagnosisId
cusPQP_CardDetail,CardDetailID
Cus_EZP_Email_Settings,
CARETEAMMEMBER,CARETEAMMEMBERID
Cus_EZP_DM_Document,DocumentId
ARCHIVE_DataMove_DETAIL,Id
cus_guarantorLastFirstOrAddressNoMatch,
QPRINTPROPS,"LOCID,NAME"
MS_D02C_DELTA,
AUDIT_PROFILE,PROFILE_ID
cus_ACS_CollectionTemp,
Cus_EZP_RegUpdate,RegUpdateId
DiagnosisSpecialty,DiagnosisSpecialtyId
Cus_EZP_DocErrorLog,
ARCHIVE_DataMove_DETAIL_ByMonth,Id
Cus_EZP_Statement_PaperDetail,PaperDetailId
Cus_EZP_ExcludeApptTypeSettings,
ROLETYPE,RTID
ServerConfigLog,
MS_D02I_DELTA,
CHRTRULE,RULEID
cus_ACS_ColProcessVisits,ColProcessVisitsID
cusPQP_MID,MIDID
Cus_EZP_EmailMessages,
HEALTHCONCERN,HEALTHCONCERNID
MUActivityLog_ARCHIVE,MUActivityLogId
PatientVisitFilingConditionCodes,PatientVisitFilingConditionCodesId
Cus_EZP_ExternalAppUploadLog,
RPTPROP,OBJECTID
MS_M01_DELTA,
CONFACCESS,"CONFACCESSID,CONFTYPEID"
geMergeProviderIssue,PVId
Cus_EZP_TxtChat,TxtChatId
DoctorFacilityTypes,
Cus_EZP_EMRSettings,
Cus_EZP_OrderNotification_Settings,SettingsId
RcopiaMessageStatusReason,"MessageTypeName,MessageStatusCode,MessageStatusReasonCode"
Cus_EZP_Statement_PaperSettingHistory,PaperSettingHistoryId
PatientVisitDMERC,PatientVisitDMERCId
Cus_EZP_FacilityNotificationSettings,
SAVINQ,SAVINQID
MS_M02_DELTA,
CONFTYPES,CONFTYPEID
cus_ACS_ColProcessVisitsTemp,ColProcessVisitsID
Cus_EZP_TxtHistory,TxtId
ECSInsuranceCarriers,ECSInsuranceCarriersId
Cus_EZP_Statement_AGSettings,AGSId
cusPQP_MIDLocation,MIDLocationID
Cus_EZP_PatientFiles,FileId
IMMUNIZATIONPRINT,PrintImmunizationID
MEDDX_BK_4768,MEDDXID
cus_casesinsurance02_10_22,
PatientVisitAmbulance,PatientVisitAmbulanceId
SAVINQPHRAS,SAVINQPHRASEID
CONVRATIO,CONVID
EDIClaim,EDIClaimId
Cus_EZP_Messages2,ID
Cus_EZP_Statement_PaperTemplateCriteria,PaperTemplateCriteriaId
PatientEthnicity,PatientEthnicityId
MRUSelectionList,"DoctorFacilityId,SelectionLookupType,SelectionID,PreviousSelectionID"
Cus_EZP_FaxAddressBook,FaxABId
SERVPROV,SERVPROVID
CPTDEPT,"GID,CODE,DESCRIPTION"
cus_ACS_ColStatus,ColStatusID
EDIClaimFile,EDIClaimFileId
ERXChangeRequest,ERXChangeRequestID
MM_CEM_EventQueue,CEM_EventQueueID
Cus_EZP_Statement_PaperTemplateSettings,PaperTemplateSettingsId
FHIR_CACHE_ENTRY,
ErrorLog,
SERVPROVORG,SERVPROVORGID
MS_DRUGDIS_DELTA,
CUSTOMALLERGIES,"GID,AID"
EDIClaimStatus,EDIClaimStatusId
qieCdaDoc,"PID,docSourceOid"
cusPQP_MIDUser,MIDUserID
Cus_EZP_PatAgreementDocs,
GPIToAllergen,GPI
cus_moreBadGuarantor,
Final Ref Phy No Duplicates No Phi 2,
SimpleLists,"TableName,Code"
cus_ArrivedAppointmentsCreateDoc,ID
Cus_EZP_FaxCoverPageTemplate,
SERVREG,GALACTICID
MS_ICD9XREF_DELTA,
CUSTOMORDERS,
cus_ACS_ColStatusAging,ColStatusAgingID
EDIClaimStatusFile,EDIClaimStatusFileId
Cus_EZP_ACM_AdvSettings,AdvSettingsId
SequenceNumber,
Journal,JournalId
Cus_EZP_FaxDoc,FaxDocId
SPECIALTYTYPE,SPID
PatientProfile_AlertNotes_20240128,
cus_TMerge_2_IgnoreVisits,
DESKDOCVIEWS,DDVID
EDIEligibility,EDIEligibilityId
cus_Scheduler_1_Search_UnavailableAppointments,ID
cus_fixStuckDocuments,
TM_PatientBillStatusType,PatientBillStatusTypeId
Cus_EZP_FaxDocLink,FaxDocLinkId
SUPERBILLDEF,LOCID
DIRECTIV,"PID,XID,DIRID"
cus_ACS_DebugMessages,
Cus_EZP_AIVisitHistory,AIVisitId
EDIEligibilityFile,EDIEligibilityFileId
qieCdaEntry,qieCdaEntryId
cusPQP_TransDetail,TransDetailID
cus_fixMikPatientVisitLock,
Cus_EZP_StatementSettings,
TM_Queue,QueueId
Cus_EZP_FaxGroup,FaxGroupId
SYMBOL,"ID,OBJECT,NAME"
DOCCONTB,CONTBID
cus_ACS_Emailed,ID
Cus_EZP_ApptStatusMappings,MappingsId
EDIReport,EDIReportId
Cus_EZP_PendingPortalAccess,RequestId
cus_LockedDocuments,
Cus_EZP_SummaryData,
TM_QueueAccess,"QueueId,DoctorFacilityId"
SYSTEMTEMP,ID
HIDUPDATE,
DOCDATA,"SDID,DDID"
EDIReportFile,EDIReportFileId
Cus_EZP_Pharmacy,PharmacyId
cus_RDOC_Configuration,
Cqr_PatchFixLog,RESTORE_NAME
Cus_EZP_SureScripts_Directory,UserId
TM_QueueStatus,QueueStatusId
TABLESIZES,
DOCFORMAT,FORMATID
cus_ACS_GuarantorVisitStatements,
cus_eStmt_StatementBatch_Guarantor,"UniqueID,GuarantorID"
Cus_EZP_Checkin,
EDIStatement,EDIStatementId
Cus_EZP_PortalSettings,PortalID
zipcodes_bak,
TM_QueueType,QueueTypeId
Cus_EZP_FaxShare,FaxShareId
cus_eStmt_TempBal,
TEMPLATE,ID
DOCIMAGES,PIC_ID
cus_ACS_InsertLevel,
Cus_EZP_DirectAddressSettings,DASettingsId
EDIStatementFile,EDIStatementFileId
Cus_EZP_Recall_AutoCreateTemplates,RecallACTemplateId
Cus_EZP_Symptoms,SymptomId
TM_QueueTypeAttr,"QueueTypeId,SequenceNum"
Cus_EZP_FaxShareDetail,FaxShareDetailId
cus_orders_clincomments,
TEXTMACROS,TMID
DOCOVERLAYINFO,DOCOVLYINFOID
cus_ACS_LettersToPrint,ID
cus_eStmt_StatementBatch_GuarantorAging,
Cus_EZP_DM_PendingDocument,PendingId
Employer,EmployerId
Cus_EZP_DM_VFolder,VFolderId
Cus_EZP_FaxPath,FPathId
Cus_EZP_TMVGuestLogin,TMVGLId
TM_QueueTypeCriteria,QueueTypeId
Cus_EZP_FaxStatus,FaxStatusId
UNIQUEID,CHECKCOL
DOCROUTE,"SDID,USRID"
cus_eStmt_StatementBatch_GuarantorPayments,
Cus_EZP_EmailGroups,
FeeSchedule,FeeScheduleId
Cus_EZP_Document,ID
Cus_EZP_TMVisitChatLog,TMVisitCLId
TM_Task,TaskId
Cus_EZP_FileLocations,
USERDICT,USERID
DOCTEMPLATE,DTID
cus_ACS_MappedStatus,MappedStatusID
cus_eStmt_StatementBatch_GuarantorProcs,
Cus_EZP_Message_AltLanguage,AltLanguageId
FeeScheduleConversionFactor,FeeScheduleConversionFactorId
Country,CountryId
Cus_EZP_TMVisitDeviceLog,TMVisitDLId
cus_fixAppendDocuments,
_zipcodes,
TM_TaskEventType,TaskEventTypeId
Cus_EZP_FolderLst,
USR,PVID
DOCTYPES,DTID
cus_eStmt_StatementBatch_GuarantorVisits,
FeeScheduleModifier,FeeScheduleModifierId
Cus_EZP_EligInsCarriers,EligInsCarriersId
State,StateId
Cus_EZP_TMVisitDocs,TMDocId
TM_TaskHistory,TaskHistoryId
USRDEPT,DEPTID
DOCUMENT,"PID,DID,SDID"
cus_ACS_ORSecurity,ORSecurityID
cus_eStmt_StatementBatch_Patient,"UniqueID,PatientProfileID"
FinancialClassLimits,FinancialClassLimitsId
Cus_EZP_EligInsCarriersMap,EligInsCarriersMapId
PatientAddress,PatientAddressId
TM_TaskNote,TaskNoteId
Cus_EZP_HL7Log,
cus_patientprofile0615,
USRFAVCOMPS,TBLROW_ID
DOCVIEW,VIEWID
gtAging,
PatientApplicationRevocation,"PId,ApplicationMedListsId"
Cus_EZP_TMVMessageSettings,MessageId
TM_TaskPriority,TaskPriorityId
Cus_EZP_KCMLog,
USRGROUP,GID
DOCVIEWS,DOCVIEWID
cus_ACS_PatientListHistory,
MasterDiagnosis_bak,
cus_eStmt_StatementBatch_PatientAging,
customallergies_kbupd,
gtPayments,
_badgutmp,
RcopiaQuantityUOM,RcopiaQuantityUOMId
Cus_EZP_TMVPendingEMRDocCReq,RequestId
TM_TaskStatus,TaskStatusId
Cus_EZP_Log,
cus_guarantor0615,
WORKSTA,WSID
ENCTYPE,"ETID,NAME"
cus_ACS_PatientListLogHistory,
Diagnosis_bak,
cus_eStmt_StatementBatch_PatientPayments,
Cus_EZP_Online_Forms_Groups,
gtProcedures,
WorkstationSequenceNumber,
Cus_EZP_TMVSession,TMVSessionId
_marianPatientBadGuarantors,
erxresponse_20190103,
TM_TaskType,TaskTypeId
Cus_EZP_Chat,ChatId
workstaLog,
EXTID,"EXTERNALSPACE,INTERNALID"
cus_ACS_PaymentPlan,
MasterProcedures_bak,
cus_eStmt_StatementBatch_PatientProcs,
Cus_EZP_Online_Forms_Questions,
gtRecentScheduleActivity,"ScheduleId,ScheduleDate,FacilityId,DoctorResourceId"
_SipeMarianCheckingActiveIns,
FHIRBulkData,FHIRBulkDataId
FlagBackup,
Cus_EZP_AutoFaxDocLog,AutoFaxDocLogId
EXTERNALALLERGY,AID
Cus_EZP_LoginHistory,
workstaLog1,
cus_TMerge_2_MergeHistory,ID
EXTIDSPACE,EXTERNALSPACE
cus_ACS_PaymentPlanFound,
Load_ICD,MasterDiagnosisId
cus_eStmt_StatementBatch_PatientVisits,
gtRecentWaitingListActivity,WaitingListId
FHIRBulkDataPatient,"FHIRBulkDataId,PId"
EXTERNALMEDICATE,MID
Cus_EZP_MedLists,
HOUTMAPMS_DELTA,
workstaLog2,
EXTREFERENCES,EXTREFID
cus_ACS_PrintConfig,Id
Cus_EZP_PatAgreements_Message_Settings,MessageId
gtSearchCriteria,
FHIRBulkDataResource,FHIRBulkDataResourceId
Cus_EZP_TxtApptRemindersTemplates,MessageId
_guarantorMulti,
Cus_EZP_BlockList,
EXTERNALPROBLEM,SPRID
Cus_EZP_DM_HDID_Settings,HDID
HOUTTEXTMS_DELTA,
Cus_EZP_ACM_Settings,SettingsId
workstaLog3,
cus_TMerge_2_VisitWorkList,ID
FINDDLGPREFS,DLGID
Load_PDM,ProblemDescriptionMapId
cus_CpnsIndexOverlaps,
Cus_EZP_PaymentPlan,PaymentPlanId
gtTargetDelays,
cus_phone_validation,pvid
FHIRBulkDataFile,"FHIRBulkDataId,BulkDataFileName"
_mytemp,
DiagCMSRembMap,DiagCMSRembMapId
MEDINFO_plus_delta,
workstaLog4,
FLAG,ID
cus_ACS_Printed,ID
Cus_EZP_Surveys,SurveyId
gtTargets,
Cus_EZP_PendingPortalAccess_Attachments,AttachmentId
Cus_EZP_TxtMessage_Templates,MessageId
_badgutmp2,
FG_ApptSearchCriteria,
MS_TCRF_DELTA,
Cus_EZP_EstLog,EstId
workstaLog5,
FLAGTEMP,"ID,USRID"
Load_CPT,MasterProceduresId
Med_Inconsistent_Data_Fix,
gtVisits,
cus_phone_validation_data,
table_pid_counts,
Cus_EZP_URXMobile,Id
Cus_EZP_MIDLocation,MIDLocationID
FG_Batch,
NDCTODDID_DELTA,
Cus_EZP_EstTemplates,EstTemplatesId
workstaLog6,
FLOWSHEETLABELS,FLSHTLID
cus_ACS_PVProcessing,
Med_Before_After_Fix,
Guarantor,GuarantorId
Cus_EZP_URXPushLst,Id
_potentialBadGuarantorsWithStatements,
FG_BillableEntity,
MS_MESSAGE_DELTA,
Cus_EZP_MBILog,MBILogId
workstaLog7,
cus_erxrefillrequestbak,
FORM,FID
cus_ACS_PVProcessingMods,
hcc_bak,
iLicInfo,
Cus_EZP_Prescriptions,PrescriptionId
FG_Company,
Cus_EZP_Message_ANHistory,HistoryId
MS_DRUGDIS,
MS_DDIDRXNORM_DELTA,
Cus_EZP_UserLoginHistory,LoginHistoryId
workstaLog8,
FORMMEDS,FMEDID
cus_ACS_PVProcessingModstest,
hccdiagnosis_bak,
MEDINFO2178BAK,
iLicNamedUser,
Cus_EZP_Users_SearchFilters,SearchFilterId
FG_Facility,
MS_ICD9XREF,
MS_DOSING_PROFILES_DELTA,
workstaLog9,
FORMSET,FSID
cus_ACS_PVProcessingTest,
hccsegmentcoefficient_bak,
iLicProdInfo,
FG_NamedSchedule,
MS_DRUG_DOSING_DELTA,
workstaLog10,
FORMULARY,FID
cus_ACS_Schedule,ScheduleID
iLicUserInfo,SessionID
_multiWithSameGuarantor,
FG_ScheduleResource,
workstalogerrors,
GLOBALREFRESH,GKEY
iLicDemoInfo,
cus_SAI_ButtonConfig,
Cus_EZP_UserStatus,TimeId
FG_User,
CQM_NQF_Measures,"Measure_Identifier,RevisionYear"
AuthorizedLocations,AuthorizedLocationsId
GROWTH,"TABLE_NAME,CHECKDATE"
cus_ACS_VTProcessing,
InsuranceCarrierCompany,InsuranceCarrierCompanyId
Cus_EZP_UsrAgreements,Id
FG_WaitingList,
CQM_ValueSet,CQM_ValueSetID
DoctorFacility,DoctorFacilityId
Cus_EZP_Online_Forms_Answers_Internal,
HANDDEPT,"GID,HCODE,HTYPE"
cus_ACS_VTProcessingTemp,
InsuranceCarrierCompanyProcessing,InsuranceCarrierCompanyProcessingId
Cus_EZP_VDTHistory,HistoryId
FinancialGroup,FinancialGroupId
Cus_EZP_Message_ASNHistory,HistoryId
CQM_ValueSetCode,CQM_ValueSetCodeID
InsuranceCarriersFormulary,InsuranceCarriersFormularyId
HIERGRPS,GROUPID
cus_ACS_WorkListParameters,ID
mostusedproblem_spr68501_2018,
InsuranceCarriers,InsuranceCarriersId
Cus_EZP_VisitHistory,VisitId
MostUsedProblem,MostUsedProblemId
contentlist_20221104bak,
InsuranceCarriersOrderCategory,InsuranceCarriersOrderCategoryId
Cus_EZP_PatVisitBillingLog,PVBLogId
HIEROBJS,"GROUPID,OBJECTID"
InsuranceCarriersDoctor,InsuranceCarriersDoctorId
cus_DocBat_ActivityLog,
ProblemDescriptionMap,ProblemDescriptionMapId
FHXCUSTLIST,"GID,CODE,DESCRIPTION"
InsuranceCarriersOrdersApprvProv,InsuranceCarriersOrdersApprvProvId
Cus_EZP_PatVisitBillingTemplates,PVBTemplateId
HOUTMAPCRS,"GROUPID,HANDOUTID"
cus_ACS_WorkListTemp,
InsuranceCarriersPOS,InsuranceCarriersPOSId
cus_DocBat_AddedDocNames,
flag_backup,
BillingNote,BillingNotesId
Cus_EZP_Message_ASNTemplate,TemplateId
PatientRelationship,PatientRelationshipId
ilicuserinfo_backup,
HOUTMAPMS,"GPI,LANGMASK"
cus_ACSReport_Config,
InsuranceCarriersTOS,InsuranceCarriersTOSId
cus_DocBat_AddedDocuments,
ProblemCodeMap,"FromMasterDiagnosisID,ToMasterDiagnosisID"
USR_MUStage,PVID
Pharmacy,PharmacyId
AA_PatientProfileAlertNotesBAK,
HOUTPICTS,"PICTUREID,GROUPID"
InsuranceGroup,InsuranceGroupId
cus_MFL_LabelRunRecipients,
cus_DocBat_Admin,
flag_context,
ICDStructure,ICDStructureId
USR_CredentialedStates,"PVID,State"
MRUPatientList,"UserID,PatientProfileID,PreviousPatientProfileID"
HOUTTEXTCRS,"TEXTID,LANGID"
InsuranceCarriersIds,InsuranceCarriersIdsId
cus_DocBat_Configuration,
CMSReimbursementMap,CMSReimbursementMapId
CEM_SEQUENCE,
USREMR,
cus_RcopiaMapMedication4407,
HOUTTEXTMS,"TEXTID,LANGID"
InventoryActivity,InventoryActivityId
cus_MFN_ExcludedRecipients,
cus_DocBat_DefaultDocumentTypes,ID
PatientVisitDiagsRelatedCodes,PatientVisitDiagsRelatedCodesId
Cus_EZP_Message_Templates,
DP_MIKPatientVisit,DP_PVisitID
CEM_EventQueue,CEM_EventQueueID
emridcontrol,
cus_Medicate4407,
ICDDEPT,"GID,CODE,DESCRIPTION"
InventoryItem,InventoryItemId
_1SipeBalances11092022,
cus_rcopiaNullSyncBug,
Cus_EZP_Message_Templates_Attachments,AttachmentId
CEM_SubscriptionType,CEM_SubscriptionTypeID
AppSession,AppSessionId
IGNOREOBJECTS,
cus_MFN_AppointmentDocuments,
MasterDiagnosis,MasterDiagnosisId
_Ref Phys Zips,
cus_DocBat_DocuBatchFaxBook,
Cus_EZP_Message_VoiceRecordingTag,VoiceRecordingTagId
CEM_Subscription,CEM_SubscriptionID
AppLocks,LockId
Cus_EZP_Action_Tags,
ignore_transfer,
MEDICATE_CPI_BACKUP,
cus_MFN_AutoSendPatients,
MasterInsuranceCarriers,MasterInsuranceCarriersId
cus_DocBat_DocuBatchFaxHistory,ID
DP_MIKPatientVisitProcs,DP_MPVP_ID
PatientRegistry,PatientRegistryId
SecurityGroup,SecurityGroupId
Cus_EZP_ActionableReminders,
INETSERVICES,SVCID
MEDDEPT_CPI_BACKUP,
cus_MFN_Configuration,ID
MasterProcedures,MasterProceduresId
MedAdminRequest,MedAdminRequestID
UserSecurityGroup,"DoctorFacilityId,SecurityGroupId"
Cus_EZP_ActivityLog,
cus_FlwUp_AdminUsers,ID
INQFLTRS,"INQFILTERID,INQPHRASEID"
cus_completeOrders,
MEDICATE_AUDIT,
MedLists,MedListsId
DmSqlMessage,
cus_DocBat_DocuBatchInDxLogic,
Cus_EZP_MessageRestSettings,
MedAdministration,MedAdministrationID
IE_OUTBOUND_EVENT_Q,OUTBOUND_EVENT_Q_ID
Cus_EZP_Alerts,
INQPHRAS,INQPHRASEID
cus_MFN_DocumentFaxHistory,ID
MedListsEditor,TableName
Cus_EZP_FileType,FileTypeId
cus_DocBat_DocumentQueue,
Cus_EZP_MessageRestSettings2,Id
DP_MIKPatientVisitDiags,DP_MPVD_ID
ContentList,ContentListID
IE_PATIENT_EXT_SYSTEM,PATIENT_EXT_SYSTEM_ID
Cus_EZP_ALogs,
cus_FlwUp_AutoCreatedVisits,PatientVisitID
INQTYPE,"CATEGORYVALUE,CATEGORYNAME"
MIKDestination,MIKDestinationId
DmUserChangesLog,
cus_DocBat_FaxBookGroups,
SUDbUpgradeInfo,
Cus_EZP_Messages,
Immunization,ImmunizationId
HistoricalInfo,HisId
Cus_EZP_Application_Settings,
JOBTITLE,JTID
cus_RefExp_BankMapping,ID
cus_MFN_DocumentFaxQueue,ID
MIKEventLog,MIKEventLogID
Cus_EZP_Register,RegisterId
DmMissingRoleLog,
cus_DocBat_FaxRecipientQueue,
SUCPSIndexes,
Cus_EZP_Messages_Attachments,AttachmentId
MUActivityLogType,MUActivityLogTypeId
DOCDATA2,"SDID,DDID"
cus_FlwUp_AutoCreatedVisits_IG,PatientVisitID
L3ATTRBIND,"LOCATION,POSITION"
MIKIdMap,MIKIdMapId
Cus_EZP_Users_ExtraInfo,Id
DmPatientMatchingLog,
cus_DocBat_TempDocumentType,
cusQHCOBalFwd_backup20211221,
Cus_EZP_MessageSig_Templates,
MUActivityLog,MUActivityLogId
XSLDATA,XSLID
L3ATTRDEFINE,"LOCATION,POSITION"
cus_RefExp_BankTable,ID
cus_MFN_FaxNumberExclude,
MIKPatientVisit,MIKPatientVisitId
DmMikDemoMismatchLog,
cus_DocBat_UserDocuBatchQueue,DocuBatchQueueId
SUCPSSchemaColumns,
CarePlan,CarePlanID
HISTVIEWTEMPLATE,HTID
cus_ProTrk_ApprovedUsers,
Cus_EZP_ApptCancel,
Cus_EZP_Appt_NoShow_Reminders,
ImmunizationQuestionnaireResponse,"ResponseId,QuestionnaireGroupId"
L3ATTRTYPE,ATTRTYPE
DOCDATA2_with_patient_id,
cus_MFN_FaxRecipients,
MIKPatientVisitDiags,MIKPatientVisitDiagsId
DmJobTitleIDMapping,
SUTempUpgradeTablesInfo,
Cus_EZP_NewDocHistory,
CarePlan_Problem,"CarePlanID,PRID"
Cus_EZP_Appt_Reminders,ReminderId
cus_FlwUp_AutoCreateRule,ID
contentlist_vaccine_refresh,
L3COMMPARAMS,COMMID
cus_RefExp_CompanyMapping,
cus_MFN_FaxRecipientsPatient,
MIKPatientVisitProcs,MIKPatientVisitProcsId
cusQHCOBalFwd,RowId
Cus_EZP_NewlyRegistered,
FHxRelationship,FHxRelationshipID
LINKLOGIC_EXPORT_FLOWSHEET,
Cus_EZP_Appt_Reminders_MessageSettings,
L3CONTACT,CONTACTID
cus_RefExp_ConfigTable,
cus_MFN_FaxRunRecipients,ID
MIKTrigger,MIKTriggerId
DmEMRMedlistsMapping,
Cus_EZP_NewRegistrations,
County,CountyId
BIOUSER,"PVID,FINGERNO,DEVICEID"
Cus_EZP_CheckIn_NotificationSettings,NotificationSettingsId
cus_FlwUp_AutoCreateRule_Adj_History,ID
L3DTS,DTS
cus_RefExp_InsGroupAdd,ID
MIKTriggerDestination,MIKTriggerDestinationId
DmPidMapping,
SUModelCPSIndexes,
Cus_EZP_NewRegistrations_Contacts,
Occupation,OccupationId
ProblemLastClaimed,ProblemLastClaimedId
TWOFACTORAUTHENTICATIONTYPE,TYPEID
Cus_EZP_Document_Sharing_NotificationLog,LogId
Cus_EZP_ApptDocSettings,
L3DTSRESOURCE,"DTS,RESOURCEID"
cus_MFN_FaxSchedule,ID
MIKType,MIKTypeId
SUModelSchemaColumns,
cus_RDOC_RunHistory,
Industry,IndustryId
HCCMapping,HCCMappingId
TwoFactorState,
Cus_EZP_EligTemplates,EligTemplatesId
Cus_EZP_ApptType,
cus_FlwUp_AutoCreateRule_Adj_InsuranceCarriers,ID
L3EVENTLOG,EVENTLOGID
cus_REFEXP_QuickBooksCompany,
cus_Scheduler_1_LimitRule,ID
MIKTypeMap,MIKTypeMapId
DmPatientPidMapping,
SUModelCPSDeveloperIndexes,
Language,LanguageId
TWOFACTORDEVICE,DEVICEID
Cus_EZP_Message_RRTemplate,TemplateId
Cus_EZP_ApptTypeSettings,
L3FORMATS,FID
cus_RefExp_RefundReasons,ID
cus_MFN_FaxStatusProcessing,
PatientContacts,PatientContactsId
CQM_Value_Set_Result_Codes,
ButtonControl,ButtonControlId
SUModelCoreSchemaColumns,
cusqhco_unmatched_12212021,
FamilyHealthHistory,FamilyHealthHistoryID
CDS_REID,"SAVINQID,PATIENTID"
Cus_EZP_AskProviderSettings,
cus_FlwUp_AutoCreateRule_Adj_InsuranceGroups,ID
L3HIERARCHY,ITEMID
cus_MFN_LastRun,
cus_Scheduler_1_LimitRule_AType,ID
PatientCorr,PatientCorrId
FoldersControl,FoldersControlId
DmPIDContactMapping,
SUUpgradeDBIndexes,
Cus_EZP_Online_Forms_DocNotSettings,
LABORDERPANEL,LabOrderPanelID
SFSAnnum,SFSAnnumId
Cus_EZP_AttachmentsTemp,
L3INSURANC,INSURANCEID
cus_RefExp_Refunds,ID
cus_MFN_LicenseDocumentTypes,ID
PatientCorrespondence,PatientCorrespondenceId
FolderToButtonControl,FolderToButtonControlId
Cus_EZP_DM_DocTypes,DocTypeId
SUUpgradeDBSchemaColumns,
cus_PatientContactsBak0531,
Cus_EZP_Online_Forms_FacNotSettings,
CEM_MessageLog,CEM_MessageLogID
SFSPovertyLevel,
Cus_EZP_Statement_PaperTemplate,PaperTemplateId
Cus_EZP_UserDocs,DocId
Cus_EZP_AutoCVS,
cus_FlwUp_AutoCreateRule_Adj_ReasonCodes,ID
L3JOBATTRBIND,"ONCEID,ATTRTYPE"
CusSupportMikPatientVisitMonitor,
cus_Scheduler_1_LimitRule_FClass,ID
PatientInfoLog,PatientInfoLogId
ModuleToControl,ModuleToControlId
DmPIDGuarantorMapping,
Cus_EZP_DM_FileLocation,FileLocationId
SUIndexesToDropInUpgradeDB,
cus_PatientRelationshipBak0531,
Imm_VaccineGroupName,"CVXCode,VaccineGroupName"
SFSSubsidyLevel,
Cus_EZP_Users,EmailAddress
Cus_EZP_AutoDirectDoc,AutoDirectDocId
_DateDimension,Date
L3LOCKS,LOCKNAME
cus_RefExp_UserPermissions,
cus_MFN_LicenseProviderRoles,ID
PatientInsurance,PatientInsuranceId
RcopiaPrescriptionStatus,RcopiaIdentifier
Cus_EZP_EligAlertSettings,AlertId
ServerSetupEvent,ServerSetupEventID
PatientRace,PatientRaceId
cus_FlwUp_AutoCreateRule_Adjudication,ID
brandyTrace,RowNumber
L3NOTES,NOTEID
cus_RefExpWeb_SelectedCPTRefunds,
cus_Scheduler_1_LimitRule_Resource,ID
PatientProfile,PatientProfileId
RcopiaPrescriptionStatusCode,StatusCode
DmPVIDMapping,
ServerSetupValidationTypes,ValidationTypeID
CEM_SubscriptionRunDate,CEM_SubscriptionRunDateID
Cus_EZP_AutoFax,AutoFaxId
L3OBRDATA,
