SchemaName,TableName,RowCounts
dbo,ACTIVEMQ_ACKS,0
dbo,AMH_CHART,0
dbo,AppLocks,0
dbo,ApptSearchCriteriaDelays,0
dbo,ARCHIVE_DataMove_DETAIL,0
dbo,ARCHIVE_DataMove_DETAIL_ByMonth,0
dbo,ARCHIVE_DETAIL,0
dbo,AUCINDICATION,0
dbo,AUCRECOMMENDATION,0
dbo,AUDIT_EVENT_DETAIL_ARCHIVE,0
dbo,AUDIT_EVENT_DETAIL_LOG,0
dbo,AUDIT_EVENT_LOG,0
dbo,AuthorizedLocations,0
dbo,BARRIER,0
dbo,BARRIER_GOAL,0
dbo,AUDIT_EVENT_ARCHIVE,0
dbo,BIOUSER,0
dbo,CasesGPAuth,0
dbo,CDS_REID,0
dbo,CEM_SEQUENCE,0
dbo,CHCDentalProc,0
dbo,CHRTRULE,0
dbo,contentlist_lot_backup,0
dbo,contentlist_vaccine_refresh,0
dbo,cus_ACS_AddToCallLog,0
dbo,cus_ACS_AddToEmailLog,0
dbo,cus_ACS_AmountDrivers,0
dbo,cus_ACS_Called,0
dbo,cus_ACS_ChangeCollectionStatusTemp,0
dbo,cus_ACS_ColAgeDrivers,0
dbo,cus_ACS_ColGlobal,0
dbo,cus_ACS_ColGuar,0
dbo,cus_ACS_CollectionTemp,0
dbo,cus_ACS_ColProcessVisits,0
dbo,cus_ACS_ColProcessVisitsTemp,0
dbo,cus_ACS_ColStatus,0
dbo,cus_ACS_ColStatusAging,0
dbo,cus_ACS_Emailed,0
dbo,cus_ACS_GuarantorVisitStatements,0
dbo,cus_ACS_InsertLevel,0
dbo,cus_ACS_LettersToPrint,0
dbo,cus_ACS_MappedStatus,0
dbo,cus_ACS_ORSecurity,0
dbo,cus_ACS_PatientListHistory,0
dbo,cus_ACS_PatientListLogHistory,0
dbo,cus_ACS_PaymentPlan,0
dbo,cus_ACS_PaymentPlanFound,0
dbo,cus_ACS_PrintConfig,0
dbo,cus_ACS_Printed,0
dbo,cus_ACS_PVProcessing,0
dbo,cus_ACS_PVProcessingMods,0
dbo,cus_ACS_PVProcessingModstest,0
dbo,cus_ACS_PVProcessingTest,0
dbo,cus_ACS_Schedule,0
dbo,cus_ACS_VTProcessing,0
dbo,cus_ACS_VTProcessingTemp,0
dbo,cus_ACS_WorkListParameters,0
dbo,cus_ACS_WorkListTemp,0
dbo,cus_ACSReport_Config,0
dbo,cus_Conv_TransferFrom,0
dbo,cus_Conv_TransferTo,0
dbo,cus_DocBat_AddedDocNames,0
dbo,cus_DocBat_AddedDocuments,0
dbo,cus_DocBat_Admin,0
dbo,cus_DocBat_DocuBatchFaxBook,0
dbo,cus_DocBat_FaxBookGroups,0
dbo,cus_DocBat_DocuBatchInDxLogic,0
dbo,cus_eStmt_StatementBatch_Guarantor,0
dbo,cus_eStmt_StatementBatch_GuarantorAging,0
dbo,cus_eStmt_StatementBatch_GuarantorPayments,0
dbo,cus_eStmt_StatementBatch_GuarantorProcs,0
dbo,cus_eStmt_StatementBatch_GuarantorVisits,0
dbo,cus_eStmt_StatementBatch_Patient,0
dbo,cus_eStmt_StatementBatch_PatientPayments,0
dbo,Cus_EZP_ACM_AdvSettings,0
dbo,Cus_EZP_ACM_DocLog,0
dbo,Cus_EZP_ACM_Settings,0
dbo,Cus_EZP_ActionableReminders,0
dbo,Cus_EZP_AppointmentRequests,0
dbo,Cus_EZP_AppointmentsAlloc,0
dbo,Cus_EZP_Appt_NoShow_Reminders,0
dbo,Cus_EZP_Appt_Reminders,0
dbo,Cus_EZP_Appt_Reminders_AdvSettings,0
dbo,Cus_EZP_Appt_Reminders_MessageSettings,0
dbo,Cus_EZP_ApptCancel,0
dbo,Cus_EZP_ApptDocSettings,0
dbo,Cus_EZP_ApptStatusMappings,0
dbo,Cus_EZP_ApptType,0
dbo,Cus_EZP_ApptTypeSettings,0
dbo,Cus_EZP_AskProviderSettings,0
dbo,Cus_EZP_AttachmentsTemp,0
dbo,Cus_EZP_AutoCVS,0
dbo,Cus_EZP_AutoDirectDoc,0
dbo,Cus_EZP_AutoDirectDocLog,0
dbo,Cus_EZP_AutoFax,0
dbo,Cus_EZP_AutoFaxDoc,0
dbo,Cus_EZP_AutoFaxDocLog,0
dbo,Cus_EZP_AutoFaxHistory,0
dbo,Cus_EZP_AutoHIE,0
dbo,Cus_EZP_AutoShareDoc,0
dbo,Cus_EZP_Booking_Templates,0
dbo,Cus_EZP_BookingLog,0
dbo,Cus_EZP_BulletinBoard,0
dbo,Cus_EZP_Call_DNCList,0
dbo,Cus_EZP_Call_History,0
dbo,Cus_EZP_Call_Queue,0
dbo,Cus_EZP_Call_Remove_History,0
dbo,Cus_EZP_Call_Status_Details,0
dbo,Cus_EZP_CardDetail,0
dbo,Cus_EZP_CCD,0
dbo,Cus_EZP_CDA,0
dbo,Cus_EZP_Chat,0
dbo,Cus_EZP_ChatLog,0
dbo,Cus_EZP_Checkin,0
dbo,Cus_EZP_CheckIn_NotificationSettings,0
dbo,Cus_EZP_CheckInReminderLog,0
dbo,Cus_EZP_ClinicalData,0
dbo,Cus_EZP_CollectionCycle,0
dbo,Cus_EZP_CollectionHistory,0
dbo,Cus_EZP_CollectionLetters,0
dbo,Cus_EZP_CollectionLettersHistory,0
dbo,Cus_EZP_CollectionQueue,0
dbo,Cus_EZP_CRHistory,0
dbo,Cus_EZP_CSHistory,0
dbo,Cus_EZP_CVSHistory,0
dbo,Cus_EZP_DirectAddressBook,0
dbo,Cus_EZP_DirectAddressSettings,0
dbo,Cus_EZP_DirectMessages,0
dbo,Cus_EZP_DirectMessages_Attachments,0
dbo,Cus_EZP_DirectMessages_Pending,0
dbo,Cus_EZP_DM_DocTypes,0
dbo,Cus_EZP_DM_Document,0
dbo,Cus_EZP_DM_Document_Details,0
dbo,Cus_EZP_DM_FileLocation,0
dbo,Cus_EZP_DM_Folder,0
dbo,Cus_EZP_DM_HDID_Settings,0
dbo,Cus_EZP_DM_OBSMappings,0
dbo,Cus_EZP_DM_PendingDocument,0
dbo,Cus_EZP_DM_VFolder,0
dbo,Cus_EZP_DOCDATA2,0
dbo,Cus_EZP_DocErrorLog,0
dbo,Cus_EZP_Docs,0
dbo,Cus_EZP_AIVisitHistory,0
dbo,Cus_EZP_Alerts,0
dbo,Cus_EZP_AutoShareDocType_Settings,0
dbo,Cus_EZP_AutoShareFS,0
dbo,Cus_EZP_BillingReminderLog,0
dbo,Cus_EZP_BillPayRequests,0
dbo,Cus_EZP_Birthday_Reminders,0
dbo,Cus_EZP_DocType_Settings,0
dbo,Cus_EZP_Document,0
dbo,Cus_EZP_Document_Sharing,0
dbo,Cus_EZP_Document_Sharing_AdvSettings,0
dbo,Cus_EZP_Document_Sharing_Contacts,0
dbo,Cus_EZP_Document_Sharing_NotificationLog,0
dbo,Cus_EZP_Dynamic_Settings,0
dbo,Cus_EZP_EDIClaimFile,0
dbo,Cus_EZP_EligAlertSettings,0
dbo,Cus_EZP_EligAllocationSettings,0
dbo,Cus_EZP_EligInsCarriers,0
dbo,Cus_EZP_EligInsCarriersMap,0
dbo,Cus_EZP_EligInsCarriersMapAdv,0
dbo,Cus_EZP_EligLog,0
dbo,Cus_EZP_EligTemplates,0
dbo,Cus_EZP_Email_Settings_Attachments,0
dbo,Cus_EZP_EmailLog_Attachments,0
dbo,Cus_EZP_EmailMessages,0
dbo,Cus_EZP_EmailReadLog,0
dbo,Cus_EZP_EMRDocs,0
dbo,Cus_EZP_EstLog,0
dbo,Cus_EZP_EstTemplates,0
dbo,Cus_EZP_ExcludeApptTypeSettings,0
dbo,Cus_EZP_ExternalAppUploadLog,0
dbo,Cus_EZP_ExtInsCarriers,0
dbo,Cus_EZP_ExtInsCarriersMap,0
dbo,Cus_EZP_ExtInsTransactionTypes,0
dbo,Cus_EZP_FacilityNotificationSettings,0
dbo,Cus_EZP_FaxNumber_AdvSettings,0
dbo,Cus_EZP_FaxPath,0
dbo,Cus_EZP_FolderLst,0
dbo,Cus_EZP_HIESettings,0
dbo,Cus_EZP_HL7Log,0
dbo,Cus_EZP_InsExpAlertLog,0
dbo,Cus_EZP_InsExpAlertTemplates,0
dbo,Cus_EZP_KCMLog,0
dbo,Cus_EZP_Message_ASNHistory,0
dbo,Cus_EZP_Message_ASNTemplate,0
dbo,Cus_EZP_Message_RRTemplate,0
dbo,Cus_EZP_Message_Templates,0
dbo,Cus_EZP_Message_Templates_Attachments,0
dbo,Cus_EZP_Message_VoiceRecordingTag,0
dbo,Cus_EZP_MessageRestSettings,0
dbo,Cus_EZP_MessageRestSettings2,0
dbo,Cus_EZP_Messages,0
dbo,Cus_EZP_Messages_Attachments,0
dbo,Cus_EZP_Messages2,0
dbo,Cus_EZP_MessageSig_Templates,0
dbo,Cus_EZP_MID,0
dbo,Cus_EZP_MIDLocation,0
dbo,Cus_EZP_MIDTerminal,0
dbo,Cus_EZP_MsgSettings,0
dbo,Cus_EZP_LoginExpReq,0
dbo,Cus_EZP_LoginHistory,0
dbo,Cus_EZP_MBILog,0
dbo,Cus_EZP_FaxStatus,0
dbo,Cus_EZP_FileLocations,0
dbo,Cus_EZP_Message_AltLanguage,0
dbo,Cus_EZP_Message_ANHistory,0
dbo,Cus_EZP_NewlyRegistered,0
dbo,Cus_EZP_NewRegistrations,0
dbo,Cus_EZP_NewRegistrations_Contacts,0
dbo,Cus_EZP_NoShowReminders_MessageSettings,0
dbo,Cus_EZP_OnDemand_Forms,0
dbo,Cus_EZP_Online_Forms_Answers,0
dbo,Cus_EZP_Online_Forms_Answers_Internal,0
dbo,Cus_EZP_Online_Forms_DocNotSettings,0
dbo,Cus_EZP_Online_Forms_FacNotSettings,0
dbo,Cus_EZP_PatAgreementDocs,0
dbo,Cus_EZP_PatAgreements,0
dbo,Cus_EZP_PatAgreements_Answers,0
dbo,Cus_EZP_PatAgreements_Message_Settings,0
dbo,Cus_EZP_PatAgreements_Questions,0
dbo,Cus_EZP_PatApptReasons,0
dbo,Cus_EZP_PatApptReasons2,0
dbo,Cus_EZP_PatApptReasonsLink,0
dbo,Cus_EZP_PatCheckins,0
dbo,Cus_EZP_Patient_Docs,0
dbo,Cus_EZP_Patient_Videos,0
dbo,Cus_EZP_Patient_VideosHistory,0
dbo,Cus_EZP_PatientFiles,0
dbo,Cus_EZP_PatientGroup,0
dbo,Cus_EZP_PatientLst,0
dbo,Cus_EZP_PatientProfileAttachment,0
dbo,Cus_EZP_PatientRegistry,0
dbo,Cus_EZP_PatientRegistryDetail,0
dbo,Cus_EZP_PatientRegistryLog,0
dbo,Cus_EZP_PatientRegistryMeasures,0
dbo,Cus_EZP_PatientStatement,0
dbo,Cus_EZP_PatInformationDocs,0
dbo,Cus_EZP_PatInformationDocsHistory,0
dbo,Cus_EZP_PatRestSettings,0
dbo,Cus_EZP_PatSurveys,0
dbo,Cus_EZP_PatVisitBillingLog,0
dbo,Cus_EZP_PatVisitBillingTemplates,0
dbo,Cus_EZP_PaymentPlan,0
dbo,Cus_EZP_PaymentSettings,0
dbo,Cus_EZP_PendingEmails,0
dbo,Cus_EZP_PendingEmails_Attachments,0
dbo,Cus_EZP_PendingMULog,0
dbo,Cus_EZP_PendingPortalAccess,0
dbo,Cus_EZP_PendingPortalAccess_Attachments,0
dbo,Cus_EZP_PendingTasks,0
dbo,Cus_EZP_PendingTasks_Attachments,0
dbo,Cus_EZP_Pharmacy,0
dbo,Cus_EZP_Phone_ApptRem_MessageSettings,0
dbo,Cus_EZP_OracleFacilityLOCSettings,0
dbo,Cus_EZP_OracleProviderSettings,0
dbo,Cus_EZP_OrderNotification_Settings,0
dbo,Cus_EZP_PhoneApptRemindersTemplates,0
dbo,Cus_EZP_PortalDesignSettings,0
dbo,Cus_EZP_PortalInvitations,0
dbo,Cus_EZP_PortalOverrideSettings,0
dbo,Cus_EZP_PortalSettings,0
dbo,Cus_EZP_Prescriptions,0
dbo,Cus_EZP_PriorAuthHistory,0
dbo,Cus_EZP_Products,0
dbo,Cus_EZP_ProviderNotificationSettings,0
dbo,Cus_EZP_PushNotifications,0
dbo,Cus_EZP_Query,0
dbo,Cus_EZP_Recall_AutoCreateTemplates,0
dbo,Cus_EZP_RecallReminderLog,0
dbo,Cus_EZP_RefillRequests,0
dbo,Cus_EZP_Online_Forms_Message_Settings,0
dbo,Cus_EZP_Register,0
dbo,Cus_EZP_RegUpdate,0
dbo,Cus_EZP_Reminders,0
dbo,Cus_EZP_Reminders_Log,0
dbo,Cus_EZP_Resource_MessageSettings,0
dbo,Cus_EZP_ResType,0
dbo,Cus_EZP_RPMData,0
dbo,Cus_EZP_RPMUserDevice,0
dbo,Cus_EZP_RxFlagSettings,0
dbo,Cus_EZP_ScheduleTransDetail,0
dbo,Cus_EZP_ServiceToken,0
dbo,Cus_EZP_ServiceTokenHistory,0
dbo,Cus_EZP_SMDocType,0
dbo,Cus_EZP_Statement_AGHistory,0
dbo,Cus_EZP_Statement_AGSettings,0
dbo,Cus_EZP_Statement_BillCodeMessages,0
dbo,Cus_EZP_Statement_Data,0
dbo,Cus_EZP_Statement_Messages,0
dbo,Cus_EZP_Statement_PaperCOA,0
dbo,Cus_EZP_Statement_PaperData,0
dbo,Cus_EZP_Statement_PaperDetail,0
dbo,Cus_EZP_Statement_PaperHistory,0
dbo,Cus_EZP_Statement_PaperSettingHistory,0
dbo,Cus_EZP_Statement_PaperTemplate,0
dbo,Cus_EZP_Statement_PaperTemplateCriteria,0
dbo,Cus_EZP_Statement_PaperTemplateSettings,0
dbo,Cus_EZP_StatementDetail,0
dbo,Cus_EZP_StatementHistory,0
dbo,Cus_EZP_StatementQueue,0
dbo,Cus_EZP_SummaryData,0
dbo,Cus_EZP_SureScripts_Directory,0
dbo,Cus_EZP_Surveys,0
dbo,Cus_EZP_Symptoms,0
dbo,Cus_EZP_TelemetryLog,0
dbo,Cus_EZP_TMVGuestLogin,0
dbo,Cus_EZP_TMVisitChatLog,0
dbo,Cus_EZP_TMVisitDeviceLog,0
dbo,Cus_EZP_TMVisitDocs,0
dbo,Cus_EZP_TMVisitHistory,0
dbo,Cus_EZP_TMVMessageSettings,0
dbo,Cus_EZP_TMVPendingEMRDocCReq,0
dbo,Cus_EZP_TMVSession,0
dbo,Cus_EZP_TransDetail,0
dbo,Cus_EZP_TransDetail2,0
dbo,Cus_EZP_TxtApptRemindersTemplates,0
dbo,Cus_EZP_TxtChat,0
dbo,Cus_EZP_TxtHistory,0
dbo,Cus_EZP_TxtMessage_Templates,0
dbo,Cus_EZP_TxtResponseHistory,0
dbo,Cus_EZP_URXMobile,0
dbo,Cus_EZP_URXPushLst,0
dbo,Cus_EZP_UserDocs,0
dbo,Cus_EZP_Users2,0
dbo,Cus_EZP_UsersInfo,0
dbo,Cus_EZP_UserStatus,0
dbo,Cus_EZP_UsrAgreements,0
dbo,Cus_EZP_VDTHistory,0
dbo,Cus_EZP_VisitHistory,0
dbo,Cus_EZP_Users_ExtraInfo,0
dbo,cus_FlwUp_AdminUsers,0
dbo,cus_FlwUp_AutoCreatedVisits,0
dbo,cus_FlwUp_AutoCreatedVisits_IG,0
dbo,cus_FlwUp_AutoCreatedVisits_IG_Extended,0
dbo,cus_FlwUp_CompanyAssignments,0
dbo,cus_FlwUp_InsuletDateUpdate,0
dbo,cus_FlwUp_InsuranceGroupAssignments,0
dbo,cus_FlwUp_InsuranceGroupAssignments_Extended,0
dbo,cus_MFN_AddedFaxRecipients,0
dbo,cus_MFN_AppointmentDocuments,0
dbo,cus_MFN_AutoSendPatients,0
dbo,cus_MFL_LabelRunRecipients,0
dbo,cus_MFN_DocumentFaxHistory,0
dbo,cus_MFN_ExcludedRecipients,0
dbo,cus_MFN_FaxNumberExclude,0
dbo,cus_MFN_FaxRecipients,0
dbo,cus_MFN_FaxStatusProcessing,0
dbo,cus_MFN_LastRun,0
dbo,cus_RDOC_ProcessingPatient,0
dbo,cus_RefExp_BankMapping,0
dbo,cus_RefExp_BankTable,0
dbo,cus_RefExp_CompanyMapping,0
dbo,cus_RefExp_ConfigTable,0
dbo,cus_RefExp_InsGroupAdd,0
dbo,cus_REFEXP_QuickBooksCompany,0
dbo,cus_RefExp_Refunds,0
dbo,cus_RefExp_UserPermissions,0
dbo,cus_RefExpWeb_SelectedCPTRefunds,0
dbo,cusPQP_CardDetail,0
dbo,cusPQP_MID,0
dbo,cusPQP_MIDLocation,0
dbo,cusPQP_MIDUser,0
dbo,cusPQP_TransDetail,0
dbo,cusFSLicense,0
dbo,DmMikDemoMismatchLog,0
dbo,DmOrphanPidsInEMR,0
dbo,DOCDATA_with_patient_id,0
dbo,DoctorFacilityTypes,0
dbo,Document_eCR_Reference,0
dbo,DOCVIEW,0
dbo,eCRActivityLog,0
dbo,ECSInsuranceCarriers,0
dbo,EDIClaimStatus,0
dbo,EDIClaimStatusFile,0
dbo,ErxAdminMap,0
dbo,ERXChangeRequest,0
dbo,ERxRefillDenial,0
dbo,ERXRefillRequest,0
dbo,EXTERNALALLERGY,0
dbo,EXTERNALMEDICATE,0
dbo,EXTERNALPROBLEM,0
dbo,FeeScheduleConversionFactor,0
dbo,FeeScheduleModifier,0
dbo,FG_ApptSearchCriteria,0
dbo,FG_Batch,0
dbo,FG_BillableEntity,0
dbo,FG_Company,0
dbo,FG_Facility,0
dbo,FG_NamedSchedule,0
dbo,FG_ScheduleResource,0
dbo,FG_User,0
dbo,FG_WaitingList,0
dbo,FHIRBulkData,0
dbo,FHIRBulkDataFile,0
dbo,FHIRBulkDataPatient,0
dbo,FHIRBulkDataResource,0
dbo,FHXCUSTLIST,0
dbo,FMYALTDETAIL,0
dbo,FMYALTHEADER,0
dbo,FMYCOPDRUGDETAIL,0
dbo,FMYCOPHEADER,0
dbo,FMYCOPSUMDETAIL,0
dbo,FMYCOVAGEDETAIL,0
dbo,FMYCOVERAGEDETAIL,0
dbo,FMYCOVERAGEHEADER,0
dbo,FMYCOVGENDERDETAIL,0
dbo,FMYCOVQUANTITYDETAIL,0
dbo,FMYCOVRSRCDRUGDETAIL,0
dbo,FMYCOVRSRCSUMDETAIL,0
dbo,FMYCOVSTEPMEDDETAIL,0
dbo,FMYCOVTXTMSGDETAIL,0
dbo,FMYSTATUSDETAIL,0
dbo,FMYSTATUSHEADER,0
dbo,FoldersControl,0
dbo,FolderToButtonControl,0
dbo,Final Ref Phy No Duplicates No Phi,0
dbo,Final Ref Phy No Duplicates No Phi 2,0
dbo,FinancialGroup,0
dbo,FORMMEDS,0
dbo,FORMULARY,0
dbo,GROWTH,0
dbo,gtAging,0
dbo,gtPayments,0
dbo,gtProcedures,0
dbo,gtTargetDelays,0
dbo,gtTargets,0
dbo,gtVisits,0
dbo,HCCMapping,0
dbo,HIDUPDATE,0
dbo,HOUTMAPCRS,0
dbo,HOUTPICTS,0
dbo,HOUTTEXTCRS,0
dbo,IE_OUTBOUND_EVENT_Q,0
dbo,IE_PATIENT_EXT_SYSTEM,0
dbo,ignore_transfer,0
dbo,IGNOREOBJECTS,0
dbo,iLicDemoInfo,0
dbo,HtmlFormLock,0
dbo,iLicNamedUser,0
dbo,iLicUserInfo,0
dbo,Immunization,0
dbo,IMMUNIZATIONPRINT,0
dbo,ImmunizationQuestionnaireResponse,0
dbo,ImmunizationRecommendations,0
dbo,ImplantableDevice,0
dbo,InsuranceCarriersDoctor,0
dbo,InsuranceCarriersFormulary,0
dbo,InsuranceCarriersPOS,0
dbo,InsuranceCarriersTOS,0
dbo,InterventionLog,0
dbo,Journal,0
dbo,L3CONTACT,0
dbo,L3DTSRESOURCE,0
dbo,L3INSURANC,0
dbo,L3NOTES,0
dbo,L3OBRDATA,0
dbo,L3PERSON,0
dbo,L3RESOURCE,0
dbo,L3RESULTS,0
dbo,L3SCHEDULE,0
dbo,L3TASKRESOURCE,0
dbo,L3TEMPPID501,0
dbo,LoginProcWorkStation,0
dbo,LotManagement,0
dbo,ManualBookIDToDoctorFacilityID,0
dbo,ManualLocIDToFacilityID,0
dbo,MD_RESULTS,0
dbo,MedAdministration,0
dbo,MedAdminRequest,0
dbo,MEDISPAN_RXNORM,0
dbo,MISCDEPT,0
dbo,ML_MASTERMERGE,0
dbo,MS_DDIDRXNORM_DELTA,0
dbo,MS_DRUGDIS,0
dbo,MS_ICD9XREF,0
dbo,MUActivityLog_ARCHIVE,0
dbo,ORDENCDX,0
dbo,PatientApplicationRevocation,0
dbo,PatientCorr,0
dbo,PatientRace_BAK,0
dbo,PatientVisitDMERC,0
dbo,PaymentMethodAttachment,0
dbo,PaymentPlanAttachment,0
dbo,PERIOD,0
dbo,PRBXREF,0
dbo,PRINTCHARTTMP,0
dbo,PRINTDATATMP,0
dbo,PRINTDRVTMP,0
dbo,PRINTNOTETMP,0
dbo,ProblemLastClaimed,0
dbo,PROCINFO,0
dbo,qieCdaDoc,0
dbo,qieCdaEntry,0
dbo,QPRINTDOC,0
dbo,QPRINTPROPS,0
dbo,ReportIdLookup,0
dbo,ReportNodesIdLookup,0
dbo,ServerConfigLog,0
dbo,ServerSetupValidations,0
dbo,SERVREG,0
dbo,SFSAnnum,0
dbo,SFSPovertyLevel,0
dbo,SFSSubsidyLevel,0
dbo,STG_COPDRUGDETAIL,0
dbo,STG_COPHEADER,0
dbo,STG_COPSUMMARYDETAIL,0
dbo,STG_COVAGEDETAIL,0
dbo,STG_COVERAGEDETAIL,0
dbo,STG_COVERAGEHEADER,0
dbo,STG_COVGENDERDETAIL,0
dbo,STG_COVQUANTITYDETAIL,0
dbo,STG_COVRSDRUGDETAIL,0
dbo,STG_COVRSSUMMARYDETAIL,0
dbo,STG_COVSTEPMEDDETAIL,0
dbo,STG_COVTEXTDETAIL,0
dbo,STG_FMYALTDETAIL,0
dbo,STG_FMYALTHEADER,0
dbo,STG_FMYFILEHEADER,0
dbo,STG_FMYSTATUSDETAIL,0
dbo,STG_FMYSTATUSHEADER,0
dbo,Subscription,0
dbo,SL_AUTH_TOKEN_CACHE,0
dbo,sslManualStats_CannotRestore,0
dbo,sslManualStats_Dropped,0
dbo,sslManualStats_PendingRestore,0
dbo,SUTempUpgradeTablesInfo,0
dbo,TABLESIZES,0
dbo,sysdiagrams,0
dbo,TM_QueueTypeAttr,0
dbo,TM_QueueTypeCriteria,0
dbo,TM_TaskNote,0
dbo,TwoFactorState,0
dbo,UpgradeLog,0
dbo,USR_MUStage,0
dbo,USRDEPT,0
dbo,USREMR,0
dbo,WCC,0
dbo,workstalogerrors,0
dbo,Vendor,1
dbo,UNIQUEID,1
dbo,TWOFACTORAUTHENTICATIONTYPE,1
dbo,TM_QueueType,1
dbo,TM_TaskType,1
dbo,TicketNumbers,1
dbo,SUDbUpgradeInfo,1
dbo,SimpleLists,1
dbo,ProceduresInventory,1
dbo,PatientVisitDiagsRelatedCodes,1
dbo,MUPatchData,1
dbo,MS_DDS_COPYRIGHT,1
dbo,MS_COPYRIGHT,1
dbo,L3LOCKS,1
dbo,InventoryItem,1
dbo,iLicInfo,1
dbo,GLOBALREFRESH,1
dbo,EDIStatement,1
dbo,EDIStatementFile,1
dbo,Employer,1
dbo,emridcontrol,1
dbo,DmBookDoctorFacilityMapping,1
dbo,cusCqrDataFix_OrphanUsrRestored,1
dbo,cus_phone_validation_data,1
dbo,cus_MFN_LicenseDocumentTypes,1
dbo,cus_MFN_FaxRecipientsPatient,1
dbo,cus_MFL_LicenseDocumentTypes,1
dbo,cus_MFL_LicenseProviderRoles,1
dbo,cus_MFN_Configuration,1
dbo,cus_MFL_Configuration,1
dbo,cus_FlwUp_AutoCreateRule_Adj_InsuranceGroups,1
dbo,cus_fixAppendDocuments,1
dbo,Cus_EZP_SMPrvDocType,1
dbo,Cus_EZP_Online_Forms_Groups,1
dbo,Cus_EZP_FaxCoverPageTemplate,1
dbo,cus_DocBat_Configuration,1
dbo,CriticalErrorSymbol,1
dbo,CDS_Parameters,1
extract,CDS_Parameters,1
dbo,ACTIVEMQ_LOCK,1
dbo,CarePlan_Problem,2
dbo,Cus_EZP_FaxGroup,2
dbo,Cus_EZP_EmailHistory_Attachments,2
dbo,Cus_EZP_BlockList,2
dbo,Cus_EZP_FaxCoverPage,2
dbo,cus_WebCal_SearchDefault,2
dbo,HEALTHCONCERN,2
dbo,ExportDocumentSettings,2
dbo,MS_ICD9XREF_DELTA,2
dbo,ML_MERGEGLOBALS,2
dbo,PreUpgrade_ReportCriteria,2
dbo,PROBLEMLISTVIEWNAMES,2
dbo,QuestionnaireGroup,2
dbo,ReportCriteria,2
dbo,ServerSetupValidationTypes,2
dbo,ServerConfig,2
dbo,TM_QueueStatus,2
dbo,TWOFACTORDEVICE,2
dbo,TM_TaskPriority,3
dbo,ServerSetupValidationDBType,3
dbo,TEMPLATE,3
dbo,FHIR_CACHE_ENTRY,3
dbo,GOAL_PROBLEM,3
dbo,cus_RVUC_RVUSchedule,3
dbo,DOCVIEWS_TRACKER,3
dbo,cus_FlwUp_FollowUpCategory,3
dbo,Cus_EZP_Message_ANTemplate,3
dbo,Cus_EZP_Phone_Settings,3
dbo,cus_DocBat_FaxRecipientQueue,3
dbo,cus_AOP_AppointmentProvider,4
dbo,Cus_EZP_DocType,4
dbo,CARETEAMMEMBER,4
dbo,CEM_TriggerStatus,4
dbo,ChargeSets,4
dbo,Cus_EZP_Users_SearchFilters,4
dbo,cus_ProTrk_ApprovedUsers,4
dbo,PatientAddress,4
dbo,INTERVENTION,4
dbo,L3JOBATTRBIND,4
dbo,LoginProcUsers,4
dbo,SUPERBILLDEF,4
dbo,TM_Queue,4
dbo,TM_TaskEventType,4
dbo,TM_PatientBillStatusType,5
dbo,XSLDATA,5
dbo,SUModelCPSDeveloperIndexes,5
dbo,MIKDestination,5
dbo,GOAL_HEALTHCONCERN,5
dbo,INQTYPE,5
dbo,cus_FlwUp_ClaimAdjustmentGroupCodes,5
dbo,cus_MFN_LicenseProviderRoles,5
dbo,Cus_EZP_NewDocHistory,5
dbo,Clearinghouse,5
dbo,ButtonControl,5
dbo,CARE_PLAN,5
dbo,Cus_EZP_AutoShareDoc_Settings,5
dbo,AUCSTATUS,6
dbo,CEM_SubscriptionRunDate,6
dbo,Cus_EZP_FileType,6
dbo,GPICLUPD,6
dbo,DoctorFacilityTypeDescr,6
dbo,MS_M02_DELTA,6
dbo,L3SUBTASK,6
dbo,InsuranceCarriersOrdersApprvProv,6
dbo,TM_QueueAccess,6
dbo,ServerSetupEvent,7
dbo,DOCFORMAT,7
dbo,cus_RefExp_RefundReasons,7
dbo,cus_SAI_ButtonConfig,7
dbo,EXTIDSPACE,7
dbo,ApptChain,7
dbo,Cus_EZP_CustomText,7
dbo,cus_docbat_debug,7
dbo,Cus_EZP_EmailGroups,8
dbo,GOAL,8
dbo,ImmunizationCPTCodes,8
dbo,ModuleToControl,8
dbo,ORDER_MODIFIERS,8
dbo,UI_PANEL,8
dbo,cus_activeLockReport,9
dbo,CONFTYPES,9
dbo,CareTransInMUFix,9
dbo,ReportNameLookup,10
dbo,TM_TaskStatus,10
dbo,UNIT_FORMS,11
dbo,ORDERDEFAULTS,11
dbo,Cus_EZP_Reminder_Options,11
dbo,Cus_EZP_Online_Forms_Questions,11
dbo,Cus_EZP_RPMCategory,12
dbo,VFCEligibility,12
dbo,Cus_EZP_FaxNumber,13
dbo,PlugIn,14
dbo,ReportSelect,14
dbo,TransactionColumnSet,14
dbo,USRGROUP,15
dbo,PreUpgrade_ComponentSensitiveReport,15
dbo,DmJobTitleIDMapping,15
dbo,ComponentSensitiveReport,15
dbo,_2SipeApptTypeCrosswalk,15
dbo,cus_mergeDuplicateProviderZip,16
dbo,HISTVIEWTEMPLATE,16
dbo,L3FORMATS,16
dbo,MIKTriggerDestination,17
dbo,Cus_EZP_EMRSettings,17
dbo,StatementsCriteria,17
dbo,RcopiaMapLocation,18
dbo,DmMissingRoleLog,18
dbo,DmRtidMapping,18
dbo,iLicProdInfo,19
dbo,ReportErrorLog,19
dbo,_billstatus,20
dbo,SequenceNumber,20
dbo,WorkstationSequenceNumber,20
dbo,QuestionnaireQuestionList,21
dbo,LOCREG,22
dbo,FHxRelationship,22
dbo,eCREventType,22
dbo,CEM_Subscription,22
dbo,Cus_EZP_EligSearchOptions,22
dbo,ROLETYPE,23
dbo,Med_Inconsistent_Data_Fix,24
dbo,MIKTrigger,24
dbo,SecurityGroup,25
dbo,SqlCommand,26
dbo,ReportControlCriteria,27
dbo,Cus_EZP_Action_Tags,27
dbo,RcopiaMessageStatusReason,28
dbo,MUActivityLogType,28
dbo,CONFACCESS,29
dbo,MIKType,31
dbo,RcopiaPrescriptionStatusCode,31
dbo,DP_MIKPatientVisitDiags,33
dbo,CEM_SubscriptionType,33
dbo,Cus_EZP_RPMDevice,33
dbo,cus_fixStuckDocuments,34
dbo,Control,36
dbo,flag_backup,36
dbo,BillingStatement,38
dbo,L3COMMPARAMS,39
dbo,SUIndexesToCreateInUpgradeDB,39
dbo,SPECIALTYTYPE,39
dbo,DmEMRMedlistsMapping,40
dbo,InsuranceGroup,41
dbo,JOBTITLE,42
dbo,cus_FlwUp_AutoCreateRule_Adjudication,44
dbo,cus_moreBadGuarantor,45
dbo,INETSERVICES,45
dbo,AllocationSet,47
dbo,Med_Before_After_Fix,48
dbo,AADConfiguration,49
dbo,flag_context,50
dbo,SYSTEMTEMP,51
dbo,DOCIMAGES,52
dbo,PRINTPRESC,52
dbo,MS_TCRF_DELTA,53
dbo,cus_Scheduler_1_LimitRule,54
dbo,cus_Scheduler_1_LimitRule_Resource,54
dbo,cus_rcopiaNullSyncBug,55
dbo,FeeSchedule,55
dbo,State,60
dbo,Cus_EZP_EmailHistory,64
dbo,FundingSourceMapping,65
dbo,RemitChecks,65
dbo,L3QUALIFIER,66
dbo,BillingReceipt,71
dbo,cus_ACS_DebugMessages,72
dbo,cus_DocBat_DefaultDocumentTypes,73
dbo,EPCS_USER_DEA,73
dbo,EPCS_USER_DEA_ENROLLMENT,73
dbo,SUIndexesToDropInUpgradeDB,74
dbo,DOCTYPES,77
dbo,RcopiaQuantityUOM,77
dbo,L3TASKDTS,79
dbo,L3TASKRECUR,80
dbo,cus_RDOC_Configuration,80
dbo,cus_DocBat_TempDocumentType,80
dbo,L3TASKTYPE,81
dbo,L3TASKSTEP,82
dbo,cus_Scheduler_1_LimitRule_FClass,82
dbo,Cus_EZP_StatementSettings,82
dbo,cus_Scheduler_1_Search_Facilities,84
dbo,GPIToAllergen,85
dbo,ERX_UNITOFMEASURE,86
dbo,Cus_EZP_Email_Settings,87
dbo,PatientProfileReport,88
dbo,workstaLog,88
dbo,Cus_EZP_EligPracticeTypeCode,89
dbo,CQM_NQF_Measures,92
dbo,BatchStatement,95
dbo,PRINTATTRS,95
dbo,zzLAF_OcrevusPID,96
dbo,cus_Scheduler_1_Search_ATypes,97
dbo,PATCHES,98
dbo,OBSNORM,98
dbo,MIKTypeMap,98
dbo,USR_CredentialedStates,99
dbo,cus_FlwUp_AutoCreateRule,100
dbo,DmBookScheduleMapping,102
dbo,DmLocIdFacilityMapping,102
dbo,cusCqrDataFix_OrphanDocumentRestored,104
dbo,Cus_EZP_ResetRequest,104
dbo,_marianPatientBadGuarantors,107
dbo,cus_APP_Batch_SV,109
dbo,cus_CpnsIndexOverlaps,109
dbo,Cqr_PatchFixLog,110
dbo,ORDERCAT,110
dbo,ApptSearchCriteriaRules,112
dbo,CPTDEPT,113
dbo,cus_LockedDocuments,115
dbo,L3DTS,115
dbo,FamilyHealthHistory,118
dbo,L3TASKSTATUS,122
dbo,MEDDX_BK_4768,122
dbo,FLOWSHEETLABELS,123
dbo,ORDERLETTERS,124
dbo,Cus_EZP_FaxShare,125
dbo,Cus_EZP_RegControls,125
dbo,ERX_DOSAGEFORM,131
dbo,MedListsEditor,132
dbo,MS_MESSAGE_DELTA,132
dbo,cusqhco_unmatched_12212021,134
dbo,cus_ArrivedAppointmentsCreateDoc,134
dbo,cusLanguageMap,138
dbo,ERX_SS_DOSEFORMCODES,139
dbo,ilicuserinfo_backup,139
dbo,CVX,142
dbo,SPR68501_MUP_Codes_Inactvtd,142
dbo,InsSourceOfPayments,145
dbo,DESKDOCVIEWS,149
dbo,Medlists_PreUpgrade,151
dbo,_potentialBadGuarantorsWithStatements,151
dbo,L3ATTRTYPE,153
dbo,APPENDDOCUMENT_4274BKP,155
dbo,gtRecentWaitingListActivity,157
dbo,WaitingList,157
dbo,INQPHRAS,165
dbo,Cus_EZP_FaxShareDetail,166
dbo,PRESCRIB_4274BKP,167
dbo,ImmunizationMasterList,168
dbo,L3HIERARCHY,173
dbo,cus_APP_BatchExceptions_SV,175
dbo,AllocationSetRange,177
dbo,RPTPROP,193
dbo,SERVPROVORG,195
dbo,DP_MIKPatientVisit,196
dbo,_sipebadguarantors,198
dbo,ENCTYPE,199
dbo,DmApptDefIdMapping,203
dbo,WORKSTA,207
dbo,PaymentPlan,209
dbo,PreUpgrade_Report,212
dbo,Report,212
dbo,CQM_Value_Set_Result_Codes,215
dbo,L3ATTRDEFINE,220
dbo,MIKPatientVisit,223
dbo,Cus_EZP_Users,223
dbo,SpreadSheets,223
dbo,Imm_VaccineGroupName,228
dbo,ReportNodes,233
dbo,PreUpgrade_ReportNodes,233
dbo,CasesAttachment,234
dbo,ResourceTypeAssignments,241
dbo,PMPGETPATIENTRESPONSE,247
dbo,MS_M01_DELTA,249
dbo,Country,251
dbo,cus_erxrefillrequestbak,259
dbo,WaitingListEntry,259
dbo,INQFLTRS,267
dbo,HOUTMAPMS_DELTA,270
dbo,Industry,272
dbo,Map_LoincNum_HDIDs,278
dbo,AUDIT_EVENT_TYPE,283
dbo,cus_FlwUp_ClaimAdjustmentReasonCodes,290
dbo,MRUSelectionList,311
dbo,DOCVIEWS,318
dbo,cus_RcopiaMapMedication4407,337
dbo,cus_Medicate4407,337
dbo,ALLERGY_CASEBKP_20241017,339
dbo,InsuranceCarrierCompanyProcessing,347
dbo,cus_FlwUp_AutoCreateRule_Companies,354
dbo,PREFDEF,356
dbo,table_pid_counts,359
dbo,MIKPatientVisitProcs,380
dbo,CONVRATIO,389
dbo,L3TASKONCE,394
dbo,HANDDEPT,394
dbo,HCC,402
dbo,hcc_bak,402
dbo,Cus_TEMP,404
dbo,Cus_EZP_Application_Settings,404
dbo,Cus_EZP_MedLists,404
dbo,AppSession,409
dbo,Cus_EZP_Log,415
dbo,cusCqrDataFix_OrphanDetail,441
dbo,cus_Scheduler_1_Search_RuleList,447
dbo,cus_ERXRefillRequestError,467
dbo,cus_eStmt_StatementBatch,472
dbo,TransactionColumnSetColumns,478
dbo,CUSTOMALLERGIES,481
dbo,Language,486
dbo,PatientProfileAttachment,506
dbo,MIKPatientVisitDiags,507
dbo,FORMUPDATE,509
dbo,PayorTable,525
dbo,DP_MIKPatientVisitProcs,538
dbo,InsuranceCarriersOrderCategory,539
dbo,Occupation,540
dbo,SecurityNodes,545
dbo,PreUpgrade_SecurityNodes,545
dbo,cus_Scheduler_1_Search_Providers,546
dbo,cus_languageBak_11_17_22,553
dbo,MIKEventLog,573
dbo,RcopiaMapUser,593
dbo,cus_LoincExtractCounts,605
dbo,cus_fixMikPatientVisitLock,607
dbo,zipcodes_bak,613
dbo,L3ATTRBIND,614
dbo,cus_MFN_FaxSchedule,634
dbo,customallergies_kbupd,690
dbo,cusqhco_dupepatientvisits12212021,699
dbo,HIERGRPS,711
dbo,ReportParameter,716
dbo,PreUpgrade_ReportParameter,716
dbo,CasesChargeSets,725
dbo,vaccinedetails,726
dbo,QPICKS,738
dbo,Cus_EZP_ReminderSettings,754
dbo,cus_patientContactsFix,787
dbo,Procedures_Backup,799
dbo,Procedures,828
dbo,ApptType,874
dbo,USRFAVCOMPS,898
dbo,DmPVIDMapping,927
dbo,DmUserChangesLog,927
dbo,ORDENCINFO,1059
dbo,COVID_CONTENTLIST,1060
dbo,Cus_EZP_Other_Settings,1064
dbo,MS_D02C_DELTA,1072
dbo,cus_ordencinfo_bak_20220221,1081
dbo,SAVINQ,1091
dbo,AUDIT_EVENT_TYPE_LOG,1124
dbo,ReportControl,1142
dbo,PreUpgrade_ReportControl,1142
dbo,_SipeMarianIns,1144
dbo,ApptSearchCriteria,1159
dbo,search_results,1192
dbo,CarePlan,1218
dbo,PatientVisitAttachment,1221
dbo,UI_LAYOUT,1225
dbo,Cus_EZP_EmailLog,1263
dbo,ApptTypeLimits,1264
dbo,USERDICT,1330
dbo,MEDINFO_plus_delta,1358
dbo,cus_Scheduler_1_LimitRule_AType,1369
dbo,SUCPSIndexes,1382
dbo,SUModelCPSIndexes,1385
dbo,cus_Scheduler_1_Search_UnavailableAppointments,1411
dbo,SUUpgradeDBIndexes,1412
dbo,ApptSearchCriteriaApptTypes,1435
dbo,DOCTEMPLATE,1569
dbo,cus_MIKIDMAP_bak_20220221,1654
dbo,cus_FlwUp_AutoCreateRule_Facilities,1686
dbo,FLAGTEMP,1689
dbo,_PatientIDUpdate,1701
dbo,MS_D02I_DELTA,1706
dbo,UserSecurityGroup,1735
dbo,MM_CEM_EventQueue,1780
dbo,_inscarriers,1787
dbo,USR,1795
dbo,MRUCUSTOMLISTS,1796
dbo,FinancialClassLimits,1819
dbo,zzLAF_LabLinkLabs,1859
dbo,DDIDUPDATE,1872
dbo,MIKIdMap,1921
dbo,InsuranceCarriersIds,1945
dbo,InsuranceCarrierCompany,1947
dbo,cus_FlwUp_ReAssign_Manual_History,2009
dbo,PASSHISTORY,2014
dbo,cus_RVUC_Procedures,2066
dbo,cus_FlwUp_AutoCreateRule_Adj_InsuranceCarriers,2141
dbo,Cus_EZP_Predefined_Tags,2181
dbo,DmSqlMessage,2200
dbo,ApptSearchCriteriaResources,2203
dbo,HCCSegmentCoefficient,2382
dbo,hccsegmentcoefficient_bak,2382
dbo,PreUpgrade_ReportSecurity,2419
dbo,ReportSecurity,2454
dbo,Cus_EZP_FaxAddressBook,2522
dbo,ExcludedUsr,2593
dbo,DmServProvIDMapping,2596
dbo,NDCTODDID_DELTA,2613
dbo,RcopiaMapPharmacy,2650
dbo,SERVPROV,2740
dbo,MD_OLDREG,2753
dbo,SpreadSheetsEditor,2780
dbo,gtSearchCriteria,2888
dbo,HOUTTEXTMS_DELTA,2906
dbo,cus_APP_BatchItems_SV,2921
dbo,Schedule,3065
dbo,CUSTOMORDERS,3134
dbo,DOCDATA2_temp_suven,3189
dbo,DOCDATA2_temp_suven_decrypted_ndai,3189
dbo,cus_APP_BatchItemApplied_SV,3268
dbo,County,3295
dbo,cus_TMerge_2_VisitWorkList,3375
dbo,cus_caseInsuranceMismatch,3379
dbo,_pp2,3402
dbo,DmBusidMapping,3618
dbo,MS_DOSING_PROFILES_DELTA,3659
dbo,cus_FlwUp_AutoCreateRule_InsuranceGroups,3802
dbo,cus_RDOC_RunHistory,3818
dbo,MedLists_BAK,3909
dbo,MED_OVERRIDE,4011
dbo,Cus_EZP_UserLoginHistory,4288
dbo,ApptSearchCriteriaFacilities,4344
dbo,CQM_ValueSet,4452
dbo,ORDERCODES,4496
dbo,GPIUPDATE,4598
dbo,AllergyFix,4601
dbo,ApptTypeAssignments,4791
dbo,HIEROBJS,4893
dbo,cus_RDOC_PatientsWithAppointments,4916
dbo,DmInsurancePlanMapping,4971
dbo,PreUpgrade_ReportControlProperty,5094
dbo,ReportControlProperty,5094
dbo,cus_FlwUp_AutoCreateRule_InsuranceCarriers,5249
dbo,SearchResults,5285
dbo,PRINTERS,5434
dbo,LOGLOCKS,5435
dbo,SAVINQPHRAS,5603
dbo,cus_FlwUp_VisitOwnerHistory,6192
dbo,Pharmacy,6304
dbo,Map_OtherCode_HDIDs,6362
dbo,MasterInsuranceCarriers,6513
dbo,cus_MFN_DocumentFaxQueue,6757
dbo,cus_MFN_FaxRunRecipients,6790
dbo,CasesAuth,6835
dbo,CasesAuthDetail,6842
dbo,Cus_EZP_ActivityLog,7452
dbo,Cus_EZP_ALogs,7452
dbo,_SipeMarianCheckingActiveIns,7553
dbo,ICDDEPT,7636
dbo,_PatientInsuranceUpdate,7753
dbo,InsuranceCarriers,7812
dbo,contentlist_20221104bak,8028
dbo,cus_FlwUp_AutoCreateRule_Providers,8290
dbo,EXT_CODE,8300
dbo,ORDER_ENTRY_MODIFIERS,8476
dbo,SUUpgradeDBSchemaColumns,8921
dbo,MS_TCRF,8931
dbo,SUCPSSchemaColumns,8964
dbo,SUModelSchemaColumns,9013
dbo,SUModelCoreSchemaColumns,9013
dbo,cusPatientLanguageMap,9440
dbo,SpreadSheetColumns,9441
dbo,DFFeeSchedule,9486
dbo,_Ref Phys Zips,9560
dbo,_refprov1,9560
dbo,_refprov3,9560
dbo,+refprov2,9560
dbo,DOCROUTE,10608
dbo,cus_RVUC_History,10646
dbo,MS_MESSAGE,10757
dbo,_DateDimension,10957
dbo,CasesPatientVisitFiling,11179
dbo,FINDDLGPREFS,11338
dbo,cus_FlwUp_AutoCreateRule_Adj_ReasonCodes,11644
dbo,cus_guarantorLastFirstOrAddressNoMatch,11704
dbo,InteractionOverride,11822
dbo,_multiWithSameGuarantor,11834
dbo,_guarantorMulti,11931
dbo,cus_TMerge_2_IgnoreVisits,12537
dbo,ContentList,12586
dbo,cus_TMerge_2_MergeHistory,13000
dbo,LIC_HISTORY,13563
dbo,KDCUPDATE,13667
dbo,aa_AlertNotesUpdateValidation,14248
dbo,MasterDiagnosisKeyword,14567
dbo,MRUPatientList,14761
dbo,DFIds,15048
dbo,ContentList_bak,15065
dbo,PROBLEMLISTVIEWS,15067
dbo,PatientVisitPaperClaim,15798
dbo,FORMSET,15874
dbo,ContentList_Backup,16209
dbo,MEDDEPT,16634
dbo,guarantorsForStatements,17129
dbo,cus_dupRefProviderListNames,17330
dbo,MS_D01_DELTA,17386
dbo,cus_EDIEligibility_bak_20220221,17641
dbo,DOCOVERLAYINFO,17878
dbo,Load_CPT,18674
dbo,cus_DocBat_UserDocuBatchQueue,18682
dbo,TerminologyMap,18983
dbo,cus_eStmt_TempBal,19244
dbo,MedInteractionOverride,19304
dbo,MedLists,19397
dbo,MEDDEPT_CPI_BACKUP,19973
dbo,MasterProcedures,20330
dbo,MasterProcedures_bak,20330
dbo,InventoryActivity,20629
dbo,_ApptFacilityConversion,20679
dbo,CQM_Map,21051
dbo,_typeMissing,21729
dbo,cus_BPP_PatientProfile_back,22254
dbo,DDID_RXNORM,23101
dbo,TEXTMACROS,24184
dbo,cus_orders_clincomments,25000
dbo,MS_DRUGDIS_DELTA,25263
dbo,cus_Script,25424
dbo,ApptSet,25669
dbo,ACTIVEMQ_MSGS,26048
dbo,HOUTMAPMS,26805
dbo,SecuritySettings,27219
dbo,RcopiaSynchronizationPrescriptionStatus,27852
dbo,cus_DocBat_ActivityLog,27858
dbo,RcopiaPrescriptionStatus,27893
dbo,GE_TMP_PREF,28798
dbo,ProceduresFeeSchedule,30075
dbo,cus_Scheduler_1_NextAppointmentHistory,30144
dbo,FORM,32152
dbo,FlagBackup,33796
dbo,_badgutmp,34136
dbo,_badgutmp2,34180
dbo,cusQHCOBalFwd,34473
dbo,cusQHCOBalFwd_backup20211221,34473
dbo,cusQHCOBalFwd_remap,34473
dbo,cusqhcoarbalancesource,34474
dbo,HCCDiagnosis,36454
dbo,hccdiagnosis_bak,36454
dbo,DmPidMapping,41266
dbo,DIRECTIV,41357
dbo,_zipcodes,42724
dbo,ZipCodes,42958
dbo,MS_DRUG_DOSING_DELTA,43970
dbo,ProceduresSpecialty,44124
dbo,ServerSetupLog,45910
dbo,MEDDX,46510
dbo,PatientRegistry,46588
dbo,cus_AutoCheckIn_Appointments,48359
dbo,cus_doctorFacility12_28_22,48505
dbo,CusSupportPatientVisitProcsMonitor,49284
dbo,StatementsCriteriaGuarantor,49448
dbo,MEDINFO,50142
dbo,MEDINFOBAK,50142
dbo,cus_BPP_PatientProfile,50276
dbo,Batch,52268
dbo,LinkLogic_Export_Flowsheet,52340
dbo,DoctorFacility,52752
dbo,MEDINFO2178BAK,53011
dbo,PREF,55420
dbo,PatientContacts,56085
dbo,cus_patientVisit_bak_20220221,56292
dbo,cus_patientVisitInsurance_bak_20220221,57839
dbo,tLoadReports_Results,59376
dbo,mostusedproblem_spr68501_2018,62963
dbo,_notes,65535
dbo,Recall,65624
dbo,ERXREQUEST,68732
dbo,CMSReimbursementMap,69750
dbo,brandyTrace,70457
dbo,ASSESS,71256
dbo,cus_DocBat_DocumentQueue,72935
dbo,MS_DOSING_PROFILES,74720
dbo,RcopiaSynchronizationMessage,76318
dbo,cus_patientInsuranceFix,77465
dbo,cus_FlwUp_AutoCreateRule_History,84062
dbo,_facility,85777
dbo,PatientVisitAmbulance,87020
dbo,cus_FlwUp_AutoCreateRule_Adj_History,87516
dbo,OBSHEAD,88088
dbo,TM_Task,92697
dbo,HOUTTEXTMS,92959
dbo,FLAG,93788
dbo,LOINC,94383
dbo,EDIClaimFile,97629
dbo,DiagCMSRembMap,98064
dbo,Load_PDM,101272
dbo,ProblemDescriptionMap,101273
dbo,erxresponse_20190103,103684
dbo,cusCqrDataFix_PatientIDRequeued,105283
dbo,PatientEthnicity,112819
dbo,Settings,116759
dbo,ProblemCodeMap,117366
dbo,Diagnosis,120271
dbo,Diagnosis_Backup,120271
dbo,Diagnosis_bak,120271
dbo,Cases,120780
dbo,ICDStructure,120999
dbo,DmPIDContactMapping,124864
dbo,ERXRESPONSE,128123
dbo,cus_PatientContactsBak0531,130798
dbo,cus_completeOrders,136402
dbo,ScheduleTimes,141929
dbo,MostUsedProblem,142197
dbo,cus_patientcontacts_bak_20220518,145794
dbo,RcopiaMessage,147623
dbo,BillingNote,161862
dbo,SessionIds,169563
dbo,InconsistentDataFix,177442
dbo,BKP_SPR4526ALLERGY,183642
dbo,_Notes3,187098
dbo,cus_FlwUp_FollowUp,192396
dbo,RcopiaMapPatient,195333
dbo,Patient_Race_latest_Record,196398
dbo,PatientRace,196766
dbo,DOCDATA2_with_patient_id,199422
dbo,cus_ArrivedAppointments,205553
dbo,RcopiaMapAllergy,205566
dbo,DOCDATA2,205986
dbo,NDCTODDID,211136
dbo,cus_FlwUp_CreatedInsurance,217974
dbo,cus_DocBat_DocuBatchFaxHistory,219343
dbo,ErrorLog,240039
dbo,SYMBOL,245831
dbo,TM_TaskHistory,260010
dbo,workstaLog5,267409
dbo,workstaLog8,267474
dbo,workstaLog2,267721
dbo,workstaLog7,268045
dbo,workstaLog10,268092
dbo,workstaLog4,268349
dbo,workstaLog9,268375
dbo,workstaLog3,268465
dbo,workstaLog1,268620
dbo,workstaLog6,268886
dbo,PatientVisitFilingConditionCodes,269917
dbo,gtRecentScheduleActivity,271398
dbo,ALLERGY,299701
dbo,DmPIDGuarantorMapping,299893
dbo,Guarantor_SPR35062_Orig,300735
dbo,PatientVisitResource,325619
dbo,DmPatientMatchingLog,326485
dbo,DmPatientPidMapping,326485
dbo,ORDTOCOMPLETE,342139
dbo,PatientProfile_BAK,343361
dbo,Load_ICD,343785
dbo,MasterDiagnosis,345314
dbo,MasterDiagnosis_bak,345314
dbo,ScheduleResource,346692
dbo,ScheduleTimesAlloc,348284
dbo,CusSupportMikPatientVisitProcsMonitor,377706
dbo,EDIClaim,379170
dbo,RcopiaMapPrescription,391007
dbo,CusSupportPatientVisitMonitor,400745
dbo,PatientVisit,402294
dbo,PatientVisitAgg,402294
dbo,PatientVisitAggClosing,402294
dbo,PatientVisitFiling,402294
dbo,cus_FlwUp_Notes,407928
dbo,CQM_ValueSetCode,414237
dbo,PatientVisitInsurance,435003
dbo,PaymentMethod,440431
dbo,cusCqrDataFix_ZUF,466535
dbo,cus_mergeDuplicateProvider,488468
dbo,_gu,493189
dbo,_gu_bak,493189
dbo,cus_doctorfacility_bak_20220403,495392
dbo,cus_guarantor0615,497552
dbo,cus_guarantorBak_0630,499341
dbo,Cus_EZP_PatientProfileAgg,506387
dbo,_pp,506467
dbo,_mytemp,512221
dbo,cus_patientprofile0615,518818
dbo,cus_patientProfileBak_0630,519933
dbo,geMergeProviderIssue_backup,524485
dbo,CEM_EventQueue,527789
dbo,_1SipeBalances11092022,528986
dbo,AA_PatientProfileAlertNotesBAK,531762
dbo,Cus_EZP_Fax,550390
dbo,cus_SST_EligibilityProcessorCrosswalk,558039
dbo,aa_PPAlertNotes,578191
dbo,aa_PPAlertNotes2,578191
dbo,PatientProfile_AlertNotes_20240128,578251
dbo,PatientProfile_AlertNotes_20240129,578429
dbo,EDIEligibility,582286
dbo,EDIEligibilityFile,582286
dbo,PatientProfileAgg,583136
dbo,PatientProfile,583136
dbo,Guarantor,590213
dbo,cus_phone_validation,620930
dbo,EXTID,662788
dbo,GE_DBSchema_Audit,663511
dbo,CusSupportMikPatientVisitMonitor,664600
dbo,DOCDATA_temp_suven,671625
dbo,PatientVisitProcs,687551
dbo,PatientVisitProcsAgg,687551
dbo,ePRESCRIB,702567
dbo,cusCqrDataFix_OrphanDetailSdid,708021
dbo,RcopiaMapProblem,710033
dbo,L3EVENTLOG,715572
dbo,AUDIT_PROFILE,719183
dbo,PatientVisitDiags,767782
dbo,PatientCorrespondence_20250224,811400
dbo,Cus_EZP_FaxDoc,843381
dbo,Cus_EZP_FaxDocLink,844201
dbo,PatientCorrespondence,849048
dbo,VisitTransactions,863824
dbo,RcopiaSynchronization,924350
dbo,cus_patientInsurance_bak_20220406,991760
dbo,MS_DRUG_DOSING,1030921
dbo,cus_casesInsurance_bak_20220406,1044219
dbo,cus_patientInsurance_bak_20220221,1062388
dbo,ARAggregates,1082162
dbo,cus_casesinsurance02_10_22,1105096
dbo,cus_casesInsurance_bak_20220221,1110207
dbo,PatientInsurance,1132036
dbo,DmRIDMapping,1132387
dbo,stateControlledSubstances,1139178
dbo,_BadGuarantorCarrie,1267658
dbo,LabOrderPanel,1327614
dbo,ApptSlot,1437721
dbo,AUDIT_PROFILE_LOG,1438366
dbo,MUActivityLog,1444545
dbo,cus_patientrelationship_bak1_20220403,1463382
dbo,cus_patientrelationship_bak_20220518,1474190
dbo,EDIReportFile,1481408
dbo,CasesInsurance,1493681
dbo,cus_PatientRelationshipBak0531,1547650
dbo,geMergeProviderIssue,1614506
dbo,PatientRelationship,1688038
dbo,MEDICATE_AUDIT,1751618
dbo,guarantor_bak,1752649
dbo,PROBLEM,1853566
dbo,RcopiaMapMedication,2067517
dbo,MEDICATE_CPI_BACKUP,2080795
dbo,DmApptIdMapping,2166207
dbo,Appointments_bak,2172876
dbo,HistoricalInfo,2468396
dbo,cus_eStmt_StatementBatch_PatientVisits,2600276
dbo,EDIReport,2669771
dbo,Transactions,2729567
dbo,MEDICATIONHISTORY,2762970
dbo,PRESCRIB,2851634
dbo,CEM_MessageLog,3085118
dbo,cus_eStmt_StatementBatch_PatientProcs,3487678
dbo,RcopiaSynchronizationClinical,3577473
dbo,_appts,3641458
dbo,AppointmentsAlloc,3688150
dbo,TransactionDistributions,3859525
dbo,MEDICATE,3967682
dbo,Appointments,4252210
dbo,ML_MERGEAUDIT,5164736
dbo,cus_RDOC_DocumentsCreated,5531487
dbo,cus_orders_bak_20220221,5620450
dbo,extreferences_bak_062621,6079710
dbo,extreferences_bak_062721,6079740
dbo,extreferences_bak_06282021,6079776
dbo,DiagnosisSpecialty,6337949
dbo,cus_eStmt_StatementBatch_PatientAging,6573872
dbo,EXTREFERENCES,7453506
dbo,ORDERS,7460913
dbo,ORDDX,9155276
dbo,REL_OBS_EXT_CODE,10227757
dbo,PatientInfoLog,11736864
dbo,CasesAuthDoctor,12786383
dbo,ACCESSAUDIT,13199788
dbo,deletehistory,15391718
dbo,cus_Scheduler_1_Search_ZeroCountDays,16620310
dbo,ActivityLog,17021874
dbo,DOCUMENT,20598916
dbo,OBS,27634473
dbo,cus_ProTrk_OrderHistory,39584700
dbo,DOCDATA,75850532
dbo,DOCCONTB,265200124
dbo,AUDIT_EVENT_DETAIL,590837674
dbo,AUDIT_EVENT,640457693
